DELETE FROM `game_event` WHERE `eventEntry` = 72;
INSERT INTO `game_event` (`eventEntry`, `start_time`, `end_time`, `occurence`, `length`, `holiday`, `description`, `world_event`)
VALUES (72, '2015-09-19 10:00:00', '2030-11-10 20:00:00', '14400', '10080', '0','Das Wandervolk', '0');



DELETE FROM `game_event_creature_quest` WHERE `eventEntry` = 72;
INSERT INTO `game_event_creature_quest` (`eventEntry`, `id`, `quest`) VALUES 
('72', '800015', '900800'),
('72', '800027', '900801');

DELETE FROM `game_event_creature` WHERE `eventEntry` = 72;
INSERT INTO `game_event_creature` (`eventEntry`, `guid`) VALUES 
('72', '800070'),
('72', '800071'),
('72', '800072'),
('72', '800073'),
('72', '800074'),
('72', '800075'),
('72', '800076'),
('72', '800077'),
('72', '800078'),
('72', '800079'),
('72', '800080'),
('72', '800081'),
('72', '800082'),
('72', '800083'),
('72', '800084'),
('72', '800085'),
('72', '800086'),
('72', '800087'),
('72', '800088');

DELETE FROM `gameobject` WHERE GUID BETWEEN 800513 AND 801095;
INSERT INTO `gameobject` VALUES (800513,22698,0,0,0,1,1,3152.12,-6212.09,140.728,3.18794,0,0,0.999732,-0.0231712,300,0,1,0),(800514,185002,0,0,0,1,1,3129.83,-6264.45,140.143,1.56009,0,0,0.70331,0.710883,300,0,1,0),(800515,190615,0,0,0,1,1,3129.77,-6284.06,140.13,1.01928,0,0,0.487861,0.872921,300,0,1,0),(800516,184073,0,0,0,1,1,3129.77,-6284.06,140.13,1.01928,0,0,0.487861,0.872921,300,0,1,0),(800517,185001,0,0,0,1,1,3120.52,-6219.88,141.329,0.00657415,0,0,0.00328707,0.999995,300,0,1,0),(800518,185001,0,0,0,1,1,3140.23,-6237.01,141.131,3.19529,0,0,0.99964,-0.0268455,300,0,1,0),(800519,1967,0,0,0,1,1,3136.11,-6236.83,140.565,0.106425,0,0,0.0531876,0.998585,300,0,1,0),(800520,185001,0,0,0,1,1,3145.36,-6225.69,141.286,2.55991,0,0,0.958003,0.286757,300,0,1,0),(800521,185001,0,0,0,1,1,3151.56,-6213.37,140.752,3.04686,0,0,0.998879,0.0473462,300,0,1,0),(800522,180701,0,0,0,1,1,3139.68,-6227.51,140.686,5.35671,0,0,0.446848,-0.89461,300,0,1,0),(800523,180038,0,0,0,1,1,3140.54,-6229.25,140.851,0.0533053,0,0,0.0266495,0.999645,300,0,1,0),(800524,180037,0,0,0,1,1,3146.73,-6219.72,140.858,5.04883,0,0,0.578734,-0.815516,300,0,1,0),(800525,180038,0,0,0,1,1,3147.49,-6218.3,140.828,5.46313,0,0,0.398633,-0.91711,300,0,1,0),(800526,180701,0,0,0,1,1,3146.95,-6216.94,140.647,6.03451,0,0,0.124018,-0.99228,300,0,1,0),(800527,180701,0,0,0,1,1,3144.77,-6221,140.781,6.06436,0,0,0.109197,-0.99402,300,0,1,0),(800528,180701,0,0,0,1,1,3136.95,-6231.51,140.546,5.71682,0,0,0.279413,-0.960171,300,0,1,0),(800529,180038,0,0,0,1,1,3137.97,-6233.9,140.695,1.70343,0,0,0.752413,0.658692,300,0,1,0),(800530,180038,0,0,0,1,1,3135.36,-6232.61,140.468,6.05258,0,0,0.115049,-0.99336,300,0,1,0),(800531,180038,0,0,0,1,1,3137.27,-6242.97,140.688,0.515518,0,0,0.254914,0.966964,300,0,1,0),(800532,180038,0,0,0,1,1,3137.34,-6240.24,140.691,5.0885,0,0,0.562446,-0.826834,300,0,1,0),(800533,180038,0,0,0,1,1,3123.89,-6225.72,140.996,2.31408,0,0,0.915618,0.40205,300,0,1,0),(800534,180700,0,0,0,1,1,3123.29,-6223.54,141.009,3.88488,0,0,0.931733,-0.363145,300,0,1,0),(800535,180700,0,0,0,1,1,3122.98,-6214.72,140.659,3.44898,0,0,0.988213,-0.153088,300,0,1,0),(800536,180700,0,0,0,1,1,3124.37,-6216.01,140.543,0.306601,0,0,0.152701,0.988272,300,0,1,0),(800537,180701,0,0,0,1,1,3123.42,-6216.18,140.675,2.60782,0,0,0.964596,0.263731,300,0,1,0),(800538,180043,0,0,0,1,1,3124.14,-6270.26,140.141,4.03852,0,0,0.901115,-0.433581,300,0,1,0),(800539,181075,0,0,0,1,1,3123.56,-6219.35,140.763,3.1416,0,0,1,-0.00000397762,300,0,1,0),(800540,179968,0,0,0,1,1,3134.06,-6260.75,140.236,5.17803,0,0,0.524884,-0.851174,300,0,1,0),(800541,179968,0,0,0,1,1,3134.97,-6260.94,140.269,3.89979,0,0,0.928998,-0.370085,300,0,1,0),(800542,179968,0,0,0,1,1,3134.81,-6268.9,140.171,3.86053,0,0,0.936084,-0.351775,300,0,1,0),(800543,179968,0,0,0,1,1,3133.33,-6267.78,140.154,0.469572,0,0,0.232635,0.972564,300,0,1,0),(800544,179968,0,0,0,1,1,3133.53,-6266.33,140.166,1.42187,0,0,0.652542,0.757753,300,0,1,0),(800545,179968,0,0,0,1,1,3125.5,-6268.65,140.129,1.68105,0,0,0.744993,0.667072,300,0,1,0),(800546,179968,0,0,0,1,1,3125.4,-6268.44,140.835,0.887797,0,0,0.429463,0.903084,300,0,1,0),(800547,179968,0,0,0,1,1,3126.13,-6267.42,140.132,2.44681,0,0,0.940264,0.340446,300,0,1,0),(800548,179968,0,0,0,1,1,3125.68,-6260.76,140.145,3.72504,0,0,0.957749,-0.287606,300,0,1,0),(800549,179968,0,0,0,1,1,3126.91,-6261.12,140.145,3.53851,0,0,0.980371,-0.19716,300,0,1,0),(800550,179968,0,0,0,1,1,3126.3,-6261.95,140.145,2.09731,0,0,0.866753,0.498737,300,0,1,0),(800551,179968,0,0,0,1,1,3126.33,-6261.21,140.666,2.8615,0,0,0.99021,0.139588,300,0,1,0),(800552,180043,0,0,0,1,1,3122.68,-6271.72,140.169,3.92258,0,0,0.924721,-0.380645,300,0,1,0),(800553,180043,0,0,0,1,1,3121.1,-6273.06,140.198,3.72427,0,0,0.95786,-0.287235,300,0,1,0),(800554,180043,0,0,0,1,1,3119.51,-6274.1,140.384,3.70071,0,0,0.961177,-0.275932,300,0,1,0),(800555,180043,0,0,0,1,1,3117.68,-6275.25,140.688,3.54755,0,0,0.97947,-0.201589,300,0,1,0),(800556,180043,0,0,0,1,1,3115.77,-6275.85,141.196,3.20591,0,0,0.999483,-0.0321529,300,0,1,0),(800557,180043,0,0,0,1,1,3114.06,-6275.96,142.142,3.20591,0,0,0.999483,-0.0321529,300,0,1,0),(800558,180043,0,0,0,1,1,3112.39,-6276.06,143.084,3.20591,0,0,0.999483,-0.0321529,300,0,1,0),(800559,180043,0,0,0,1,1,3136.14,-6269.54,140.19,5.56927,0,0,0.349425,-0.936964,300,0,1,0),(800560,180043,0,0,0,1,1,3137.77,-6270.85,140.219,5.60461,0,0,0.332813,-0.942993,300,0,1,0),(800561,180043,0,0,0,1,1,3139.2,-6271.92,140.276,5.74042,0,0,0.268062,-0.963402,300,0,1,0),(800562,180043,0,0,0,1,1,3140.91,-6272.85,140.359,5.81701,0,0,0.230984,-0.972958,300,0,1,0),(800563,180043,0,0,0,1,1,3142.78,-6273.74,140.555,5.83664,0,0,0.221422,-0.975178,300,0,1,0),(800564,180043,0,0,0,1,1,3144.49,-6274.54,140.814,5.91598,0,0,0.182572,-0.983193,300,0,1,0),(800565,180043,0,0,0,1,1,3146.26,-6275.22,141.172,6.03576,0,0,0.123399,-0.992357,300,0,1,0),(800566,180043,0,0,0,1,1,3148.16,-6275.61,141.912,6.07699,0,0,0.102914,-0.99469,300,0,1,0),(800567,180043,0,0,0,1,1,3149.97,-6275.99,142.61,6.07699,0,0,0.102914,-0.99469,300,0,1,0),(800568,180043,0,0,0,1,1,3151.64,-6276.34,144.071,6.07699,0,0,0.102914,-0.99469,300,0,1,0),(800569,180043,0,0,0,1,1,3153.04,-6276.63,145.467,6.07699,0,0,0.102914,-0.99469,300,0,1,0),(800570,180043,0,0,0,1,1,3153.94,-6276.99,146.327,6.07699,0,0,0.102914,-0.99469,300,0,1,0),(800571,186157,0,0,0,1,1,3149.66,-6210.74,140.41,0.0478793,0,0,0.0239374,0.999713,300,0,1,0),(800572,191365,0,0,0,1,1,3117.96,-6232.27,143.246,4.646,0,0,0.730186,-0.683248,300,0,1,0),(800573,185003,0,0,0,1,1,3124.41,-6225.29,140.885,2.47545,0,0,0.945042,0.326949,300,0,1,0),(800574,185003,0,0,0,1,1,3136.56,-6232.04,140.534,5.78353,0,0,0.247235,-0.968956,300,0,1,0),(800575,185003,0,0,0,1,1,3146.6,-6218.77,140.774,5.66577,0,0,0.30383,-0.952726,300,0,1,0),(800576,191365,0,0,0,1,1,3116.01,-6244.57,142.047,4.55895,0,0,0.759222,-0.650832,300,0,1,0),(800577,191365,0,0,0,1,1,3115.33,-6257.3,141.766,5.39344,0,0,0.430343,-0.902665,300,0,1,0),(800753,24553,0,0,0,1,1,3145.74,-6201.9,140.207,5.57857,0,0,0.345062,-0.93858,300,0,1,0),(800591,181305,0,0,0,1,1,3150.54,-6187.81,140.668,5.97416,0,0,0.1539,-0.988086,300,0,1,0),(800579,191365,0,0,0,1,1,3142.61,-6257.98,141.1,3.07455,0,0,0.999438,0.0335138,300,0,1,0),(800754,181305,0,0,0,1,1,3147.48,-6203.27,140.274,5.61588,0,0,0.327496,-0.944853,300,0,1,0),(800580,185021,0,0,0,1,1,3125.32,-6269.7,140.127,5.05702,0,0,0.575389,-0.81788,300,0,1,0),(800581,185021,0,0,0,1,1,3133.92,-6269.07,140.154,1.53648,0,0,0.69487,0.719135,300,0,1,0),(800582,185022,0,0,0,1,1,3139.26,-6230.28,140.742,5.78347,0,0,0.247266,-0.968948,300,0,1,0),(800583,185001,0,0,0,1,1,3113.12,-6199.89,140.757,0.62106,0,0,0.305563,0.952172,300,0,1,0),(800584,185001,0,0,0,1,1,3107.13,-6185.13,139.875,6.24844,0,0,0.0173721,-0.999849,300,0,1,0),(800585,185001,0,0,0,1,1,3148.03,-6174.21,140.347,4.0715,0,0,0.893843,-0.44838,300,0,1,0),(800586,185001,0,0,0,1,1,3134.82,-6168.08,140.021,4.56018,0,0,0.758821,-0.651299,300,0,1,0),(800755,24553,0,0,0,1,1,3149.11,-6204.72,140.332,2.49434,0,0,0.948088,0.318008,300,0,1,0),(800590,181305,0,0,0,1,1,3149.82,-6193.2,140.499,0.0110185,0,0,0.00550923,0.999985,300,0,1,0),(800647,185002,0,0,0,1,1,3120.14,-6155.57,201.167,1.22683,0,0,0.575662,0.817688,300,0,1,0),(800589,180006,0,0,0,1,1,3121.37,-6207.61,140.49,0.489563,0,0,0.242344,0.97019,300,0,1,0),(800756,181305,0,0,0,1,1,3149.78,-6198.14,140.436,3.0825,0,0,0.999564,0.0295432,300,0,1,0),(800757,24553,0,0,0,1,1,3151.93,-6198.27,140.828,3.0825,0,0,0.999564,0.0295432,300,0,1,0),(800758,24553,0,0,0,1,1,3147.58,-6198.02,140.315,6.24617,0,0,0.0185051,-0.999829,300,0,1,0),(800592,24553,0,0,0,1,1,3147.8,-6193.18,140.351,0.0561828,0,0,0.0280877,0.999605,300,0,1,0),(800593,24553,0,0,0,1,1,3148.58,-6187.07,140.427,6.01932,0,0,0.131549,-0.99131,300,0,1,0),(800594,24553,0,0,0,1,1,3151.39,-6185.08,140.828,4.42693,0,0,0.800498,-0.599335,300,0,1,0),(800595,24553,0,0,0,1,1,3152.82,-6188.45,141.228,2.86596,0,0,0.990518,0.137382,300,0,1,0),(800596,24553,0,0,0,1,1,3152.36,-6193.24,140.984,3.15459,0,0,0.999979,-0.00649893,300,0,1,0),(800617,181824,0,0,0,1,1,3118.41,-6241.98,141.506,4.02565,0,0,0.903886,-0.427774,300,0,1,0),(800614,181824,0,0,0,1,1,3119.51,-6205.9,140.548,3.86935,0,0,0.934523,-0.355903,300,0,1,0),(800597,188479,0,0,0,1,1,3154.17,-6204.05,140.968,5.02404,0,0,0.588798,-0.80828,300,0,1,0),(800616,181824,0,0,0,1,1,3122.98,-6228.07,141.24,3.42953,0,0,0.989654,-0.143473,300,0,1,0),(800615,181824,0,0,0,1,1,3120.6,-6214.33,140.944,3.89095,0,0,0.930625,-0.365973,300,0,1,0),(800598,188479,0,0,0,1,1,3109.7,-6177.77,139.018,3.66727,0,0,0.965656,-0.259824,300,0,1,0),(800639,188479,0,0,0,1,4294967294,3127.37,-6167.58,138.811,5.06148,0,0,0.573567,-0.819158,300,0,1,0),(800601,188479,0,0,0,1,1,3119.26,-6211.45,140.964,2.14771,0,0,0.879044,0.476741,300,0,1,0),(800599,188479,0,0,0,1,1,3118.23,-6204.66,140.587,1.4809,0,0,0.67462,0.738165,300,0,1,0),(800600,188479,0,0,0,1,1,3151.36,-6179.91,140.879,4.8318,0,0,0.663653,-0.748041,300,0,1,0),(800602,188479,0,0,0,1,1,3140.67,-6262.84,140.569,5.09688,0,0,0.558978,-0.829183,300,0,1,0),(800612,188479,0,0,0,1,1,3139.93,-6254.43,140.357,6.00819,0,0,0.137064,-0.990562,300,0,1,0),(800603,188479,0,0,0,1,1,3138.31,-6247.27,140.794,5.39376,0,0,0.430198,-0.902735,300,0,1,0),(800611,188479,0,0,0,1,1,3122.47,-6260.88,140.162,4.17822,0,0,0.868656,-0.495416,300,0,1,0),(800610,188479,0,0,0,1,1,3118.67,-6256.48,140.217,2.22651,0,0,0.89714,0.441746,300,0,1,0),(800604,188479,0,0,0,1,1,3117.07,-6250.08,140.331,0.00943646,0,0,0.00471821,0.999989,300,0,1,0),(800605,188479,0,0,0,1,1,3142.5,-6250.21,140.636,5.74442,0,0,0.266136,-0.963935,300,0,1,0),(800606,188479,0,0,0,1,1,3142.32,-6245.21,140.636,3.07092,0,0,0.999376,0.0353266,300,0,1,0),(800607,188479,0,0,0,1,1,3115.72,-6245.58,140.851,0.949935,0,0,0.45731,0.889307,300,0,1,0),(800608,188479,0,0,0,1,1,3117.76,-6238.82,140.851,0.701749,0,0,0.343719,0.939072,300,0,1,0),(800609,188479,0,0,0,1,1,3114.61,-6257.58,140.207,2.84147,0,0,0.988762,0.149497,300,0,1,0),(800613,188479,0,0,0,1,1,3122.91,-6229.67,140.644,3.54636,0,0,0.979591,-0.201004,300,0,1,0),(800618,181824,0,0,0,1,1,3117.69,-6253.75,140.859,3.91962,0,0,0.925284,-0.379276,300,0,1,0),(800619,181824,0,0,0,1,1,3121.96,-6260.07,140.264,4.69716,0,0,0.71247,-0.701703,300,0,1,0),(800620,181824,0,0,0,1,1,3140.38,-6258.82,140.713,5.56306,0,0,0.352333,-0.935875,300,0,1,0),(800621,181824,0,0,0,1,1,3139.92,-6251.17,140.955,0.469752,0,0,0.232722,0.972543,300,0,1,0),(800622,181824,0,0,0,1,1,3138.52,-6243.36,140.89,1.20606,0,0,0.567141,0.82362,300,0,1,0),(800623,181824,0,0,0,1,1,3118.47,-6233.76,142.929,3.70952,0,0,0.959953,-0.280161,300,0,1,0),(800624,181824,0,0,0,1,1,3153.31,-6203.51,140.821,0.104538,0,0,0.0522452,0.998634,300,0,1,0),(800627,181824,0,0,0,1,1,3155.41,-6194.13,141.923,5.80535,0,0,0.23665,-0.971595,300,0,1,0),(800625,181824,0,0,0,1,1,3154.93,-6188.76,141.563,1.66905,0,0,0.740978,0.671529,300,0,1,0),(800626,181824,0,0,0,1,1,3152.08,-6181.02,140.986,0.989682,0,0,0.474892,0.880044,300,0,1,0),(800628,191365,0,0,0,1,1,3121.54,-6212.74,140.339,3.25359,0,0,0.998432,-0.0559698,300,0,1,0),(800629,191365,0,0,0,1,1,3118.02,-6205.7,140.187,3.69931,0,0,0.961371,-0.275256,300,0,1,0),(800630,191365,0,0,0,1,1,3111.19,-6192.2,140.168,3.46883,0,0,0.986645,-0.162887,300,0,1,0),(800631,191365,0,0,0,1,1,3112.06,-6179.85,138.622,4.69129,0,0,0.714525,-0.699609,300,0,1,0),(800632,191365,0,0,0,1,1,3128.59,-6169.9,139.047,4.83071,0,0,0.664062,-0.747678,300,0,1,0),(800633,191365,0,0,0,1,1,3140.77,-6172.63,140.118,1.09732,0,0,0.521542,0.853225,300,0,1,0),(800634,191365,0,0,0,1,1,3150.96,-6181.39,140.357,0.376716,0,0,0.187246,0.982313,300,0,1,0),(800635,191365,0,0,0,1,1,3154.85,-6187.91,141.361,4.87417,0,0,0.647658,-0.761931,300,0,1,0),(800636,191365,0,0,0,1,1,3155.4,-6193.76,142.06,4.8726,0,0,0.648256,-0.761422,300,0,1,0),(800637,191365,0,0,0,1,1,3156.2,-6198.7,142.06,4.61185,0,0,0.741745,-0.670682,300,0,1,0),(800638,191365,0,0,0,1,1,3155.02,-6204.19,141.404,2.69788,0,0,0.975491,0.220039,300,0,1,0),(800640,4171,0,0,0,1,1,3116.43,-6166.61,139.627,2.52016,0,0,0.952115,0.305739,300,0,1,0),(800641,188479,0,0,0,1,1,3111.16,-6173.57,138.362,0.624217,0,0,0.307066,0.951688,300,0,1,0),(800642,188479,0,0,0,1,1,3115.05,-6168.71,137.749,5.43282,0,0,0.412487,-0.910963,300,0,1,0),(800643,188479,0,0,0,1,1,3120.44,-6166.14,138.047,4.44911,0,0,0.793804,-0.608173,300,0,1,0),(800644,188479,0,0,0,1,1,3127.02,-6166.61,139.35,4.16715,0,0,0.871384,-0.490602,300,0,1,0),(800645,188479,0,0,0,1,1,3129.2,-6167.08,139.685,6.27398,0,0,0.00460066,-0.999989,300,0,1,0),(800648,185001,0,0,0,1,1,3152.03,-6151.34,201.166,1.82179,0,0,0.790054,0.613037,300,0,1,0),(800646,195527,0,0,0,1,1,3150.28,-6067.32,204.526,1.2408,0,0,0.581362,0.813645,300,255,1,0),(800662,185001,0,0,0,1,1,3175.14,-6137.47,201.164,2.38728,0,0,0.929715,0.368279,300,0,1,0),(800666,185001,0,0,0,1,1,3184.96,-6119.26,201.167,2.82122,0,0,0.987198,0.159502,300,0,1,0),(800667,185001,0,0,0,1,1,3188.39,-6097.68,201.164,3.23943,0,0,0.998804,-0.0489015,300,0,1,0),(800668,185001,0,0,0,1,1,3183.12,-6076.72,201.163,3.74797,0,0,0.954389,-0.298567,300,0,1,0),(800649,185001,0,0,0,1,1,3169.7,-6040.41,201.139,3.50646,0,0,0.983405,-0.181425,300,0,1,0),(800650,185001,0,0,0,1,1,3151.43,-6033.84,201.139,5.18375,0,0,0.522445,-0.852673,300,0,1,0),(800684,185001,0,0,0,1,1,3121,-6054,201.16,4.8912,0,0,0.641146,-0.767419,300,0,1,0),(800683,185001,0,0,0,1,1,3101.96,-6066.36,201.165,5.46258,0,0,0.398885,-0.917001,300,0,1,0),(800682,185001,0,0,0,1,1,3089.48,-6086.47,201.167,5.95603,0,0,0.162848,-0.986651,300,0,1,0),(800681,185001,0,0,0,1,1,3087.79,-6110.21,201.165,0.152279,0,0,0.0760662,0.997103,300,0,1,0),(800680,185001,0,0,0,1,1,3096.82,-6133.4,201.166,0.637892,0,0,0.313566,0.949566,300,0,1,0),(800651,191365,0,0,0,1,1,3121.84,-6162.73,201.087,1.76052,0,0,0.770904,0.636951,300,0,1,0),(800652,191365,0,0,0,1,1,3114.41,-6160.25,201.108,5.99382,0,0,0.144181,-0.989551,300,0,1,0),(800653,191365,0,0,0,1,1,3146.8,-6156.47,201.164,3.38513,0,0,0.992596,-0.121466,300,0,1,0),(800654,191365,0,0,0,1,1,3141.83,-6157.03,201.164,3.21038,0,0,0.999409,-0.0343878,300,0,1,0),(800655,191365,0,0,0,1,1,3136.83,-6157.19,201.164,2.91979,0,0,0.993856,0.110677,300,0,1,0),(800656,191365,0,0,0,1,1,3131.88,-6156.54,201.164,2.89465,0,0,0.992387,0.123157,300,0,1,0),(800657,191365,0,0,0,1,1,3126.88,-6156.26,201.164,2.85931,0,0,0.990056,0.140674,300,0,1,0),(800658,191365,0,0,0,1,1,3160.15,-6153.27,201.167,0.363701,0,0,0.18085,0.983511,300,0,1,0),(800659,191365,0,0,0,1,1,3164.82,-6151.49,201.167,0.707313,0,0,0.34633,0.938113,300,0,1,0),(800660,191365,0,0,0,1,1,3168.62,-6148.24,201.167,0.815305,0,0,0.396455,0.918054,300,0,1,0),(800661,191365,0,0,0,1,1,3172.28,-6144.83,201.167,0.388834,0,0,0.193195,0.98116,300,0,1,0),(800663,191365,0,0,0,1,1,3181.88,-6134.65,201.152,1.09296,0,0,0.519681,0.85436,300,0,1,0),(800664,191365,0,0,0,1,1,3184.47,-6130.38,201.152,1.08589,0,0,0.516659,0.856192,300,0,1,0),(800665,191365,0,0,0,1,1,3186.98,-6126.09,201.125,0.906031,0,0,0.437679,0.899131,300,0,1,0),(800669,191365,0,0,0,1,1,3191.37,-6114.57,201.123,1.41729,0,0,0.650807,0.759244,300,0,1,0),(800670,191365,0,0,0,1,1,3192.16,-6109.63,201.123,1.46991,0,0,0.670555,0.741859,300,0,1,0),(800671,191365,0,0,0,1,1,3192.66,-6104.65,201.123,1.41965,0,0,0.651701,0.758476,300,0,1,0),(800672,191365,0,0,0,1,1,3191.55,-6091.8,201.123,1.80253,0,0,0.784113,0.620618,300,0,1,0),(800673,191365,0,0,0,1,1,3190.4,-6086.93,201.123,1.90621,0,0,0.815216,0.579157,300,0,1,0),(800674,191365,0,0,0,1,1,3189.37,-6082.1,201.123,1.70191,0,0,0.751911,0.659265,300,0,1,0),(800675,191365,0,0,0,1,1,3114.87,-6152.66,201.122,4.36637,0,0,0.818277,-0.574824,300,0,1,0),(800676,191365,0,0,0,1,1,3110.53,-6150.16,201.122,2.71939,0,0,0.977801,0.209536,300,0,1,0),(800677,191365,0,0,0,1,1,3106.31,-6147.49,201.122,2.50184,0,0,0.949274,0.314449,300,0,1,0),(800678,191365,0,0,0,1,1,3102.3,-6144.51,201.122,2.34476,0,0,0.921677,0.387959,300,0,1,0),(800679,191365,0,0,0,1,1,3098.8,-6140.93,201.122,2.23795,0,0,0.899652,0.436607,300,0,1,0),(800685,191365,0,0,0,1,1,3090.14,-6130.68,201.165,2.1321,0,0,0.875296,0.483587,300,0,1,0),(800686,191365,0,0,0,1,1,3087.48,-6126.45,201.165,1.91847,0,0,0.818752,0.574147,300,0,1,0),(800687,191365,0,0,0,1,1,3085.61,-6116.63,201.165,5.63183,0,0,0.319951,-0.947434,300,0,1,0),(800688,191365,0,0,0,1,1,3086.42,-6121.57,201.165,3.37695,0,0,0.993084,-0.117408,300,0,1,0),(800689,191365,0,0,0,1,1,3083.85,-6104.32,201.162,1.49985,0,0,0.681584,0.73174,300,0,1,0),(800690,191365,0,0,0,1,1,3084.2,-6099.34,201.162,1.55326,0,0,0.700879,0.71328,300,0,1,0),(800691,191365,0,0,0,1,1,3084.61,-6094.35,201.162,1.58899,0,0,0.713511,0.700644,300,0,1,0),(800692,191365,0,0,0,1,1,3085.13,-6090.36,201.121,6.14784,0,0,0.067622,-0.997711,300,0,1,0),(800693,191365,0,0,0,1,1,3088.52,-6079.73,201.121,5.89259,0,0,0.194061,-0.98099,300,0,1,0),(800694,191365,0,0,0,1,1,3091.01,-6075.39,201.121,1.04864,0,0,0.500626,0.865664,300,0,1,0),(800695,191365,0,0,0,1,1,3093.32,-6071.39,201.121,1.04864,0,0,0.500626,0.865664,300,0,1,0),(800696,191365,0,0,0,1,1,3104.37,-6059.92,201.164,2.53148,0,0,0.95383,0.300346,300,0,1,0),(800697,191365,0,0,0,1,1,3095.4,-6068.23,200.905,5.60396,0,0,0.333123,-0.942884,300,0,1,0),(800698,191365,0,0,0,1,1,3108.19,-6056.7,201.164,0.544425,0,0,0.268863,0.963178,300,0,1,0),(800699,191365,0,0,0,1,1,3111.76,-6054.53,201.164,0.544425,0,0,0.268863,0.963178,300,0,1,0),(800700,191365,0,0,0,1,1,3115.04,-6052.36,201.165,5.20953,0,0,0.511411,-0.859336,300,0,1,0),(800702,191365,0,0,0,1,1,3141.89,-6047.54,201.16,1.03116,0,0,0.493041,0.870006,300,0,1,0),(800728,180322,0,0,0,1,1,3110.57,-6054.36,201.165,2.15829,0,0,0.881555,0.472082,300,0,1,0),(800705,191365,0,0,0,1,1,3138.48,-6053.65,201.164,1.87023,0,0,0.804668,0.593725,300,0,1,0),(800704,191365,0,0,0,1,1,3131.57,-6052.13,201.161,1.23013,0,0,0.577012,0.816735,300,0,1,0),(800740,180322,0,0,0,1,1,3169.32,-6054.94,201.139,2.91993,0,0,0.993864,0.110605,300,0,1,0),(800701,185157,0,0,0,1,1,3138.18,-6102.95,199.864,0.779838,0,0,0.380113,0.92494,300,0,1,0),(800726,180322,0,0,0,1,1,3144.58,-6038.91,201.118,2.84138,0,0,0.988755,0.149542,300,0,1,0),(800715,194027,0,0,0,1,1,3136.39,-6054.58,201.164,1.19871,0,0,0.56411,0.825699,300,0,1,0),(800706,191365,0,0,0,1,1,3143.98,-6040.82,201.124,2.6627,0,0,0.97147,0.237164,300,0,1,0),(800707,191365,0,0,0,1,1,3162.3,-6032.21,201.119,1.25684,0,0,0.587867,0.808958,300,0,1,0),(800709,191365,0,0,0,1,1,3168.19,-6034.52,201.123,1.20579,0,0,0.567028,0.823698,300,0,1,0),(800716,194027,0,0,0,1,1,3183.45,-6111.6,201.166,6.24096,0,0,0.0211098,-0.999777,300,0,1,0),(800708,191365,0,0,0,1,1,3156.4,-6030.38,201.124,1.24506,0,0,0.583091,0.812407,300,0,1,0),(800717,194027,0,0,0,1,1,3126.8,-6169.72,139.668,1.77797,0,0,0.776433,0.6302,300,0,1,0),(800710,191365,0,0,0,1,1,3171.64,-6049.56,201.122,2.8241,0,0,0.987426,0.158081,300,0,1,0),(800714,194027,0,0,0,1,1,3127.54,-6154.3,201.139,3.98845,0,0,0.911685,-0.410891,300,0,1,0),(800703,191365,0,0,0,1,1,3169.45,-6056.99,201.117,2.77422,0,0,0.983177,0.182655,300,0,1,0),(800775,202218,0,0,0,1,1,3149.74,-6199.39,141.437,4.65842,0,0,0.725927,-0.687771,300,0,1,0),(800711,191365,0,0,0,1,1,3168.45,-6064.3,201.165,1.26037,0,0,0.589295,0.807918,300,0,1,0),(800712,191365,0,0,0,1,1,3174.13,-6066.54,201.16,1.20932,0,0,0.568482,0.822696,300,0,1,0),(800713,191365,0,0,0,1,1,3180.79,-6069.06,201.156,1.10329,0,0,0.524089,0.851664,300,0,1,0),(800766,190554,0,0,0,1,1,3147.68,-6203.96,141.268,1.38292,0,0,0.637663,0.770316,300,0,1,0),(800743,180322,0,0,0,1,1,3105.54,-6146.84,201.153,0.998047,0,0,0.478568,0.87805,300,0,1,0),(800741,180322,0,0,0,1,1,3142.63,-6042.88,200.896,2.7648,0,0,0.982306,0.187283,300,0,1,0),(800776,202218,0,0,0,1,1,3150.12,-6192.76,141.498,3.04836,0,0,0.998914,0.0466014,300,0,1,0),(800784,192825,0,0,0,1,1,3147.42,-6202.58,141.265,5.61072,0,0,0.329932,-0.944005,300,0,1,0),(800765,190554,0,0,0,1,1,3146.69,-6204.01,141.264,0.172229,0,0,0.0860082,0.996294,300,0,1,0),(800783,192825,0,0,0,1,1,3147.48,-6204.44,141.266,5.59894,0,0,0.335487,-0.942045,300,0,1,0),(800790,192824,0,0,0,1,1,3150.42,-6196.67,141.426,4.80884,0,0,0.672196,-0.740373,300,0,1,0),(800788,192824,0,0,0,1,1,3149.65,-6194.25,141.489,5.14107,0,0,0.540523,-0.841329,300,0,1,0),(800793,192824,0,0,0,1,1,3148.77,-6202.77,141.285,4.70831,0,0,0.708547,-0.705664,300,0,1,0),(800791,192824,0,0,0,1,1,3150.11,-6197.79,141.426,4.44128,0,0,0.796179,-0.605061,300,0,1,0),(800792,192824,0,0,0,1,1,3149.06,-6199.34,141.447,4.70831,0,0,0.708547,-0.705664,300,0,1,0),(800800,192823,0,0,0,1,1,3151.04,-6186.62,141.673,4.48252,0,0,0.783534,-0.621349,300,0,1,0),(800794,192824,0,0,0,1,1,3147.34,-6203.55,141.264,3.44853,0,0,0.988247,-0.152868,300,0,1,0),(800797,192824,0,0,0,1,1,3150.41,-6187.25,141.661,3.08018,0,0,0.999529,0.0307,300,0,1,0),(800798,192824,0,0,0,1,1,3149.38,-6188.17,141.658,3.86558,0,0,0.935192,-0.35414,300,0,1,0),(800806,195066,0,0,0,1,1,3150.04,-6186.81,141.658,4.76094,0,0,0.689733,-0.724064,300,0,1,0),(800809,185301,0,0,0,1,1,3184.42,-6012.11,202.695,4.26079,0,0,0.847467,-0.530847,300,0,1,0),(800805,195066,0,0,0,1,1,3149.04,-6192.35,141.49,1.73284,0,0,0.762016,0.647558,300,0,1,0),(800803,195066,0,0,0,1,1,3150.22,-6198.06,141.427,1.66922,0,0,0.741036,0.671465,300,0,1,0),(800804,195066,0,0,0,1,1,3149.25,-6197.42,141.427,2.56144,0,0,0.958222,0.286027,300,0,1,0),(800807,195066,0,0,0,1,1,3146.93,-6202.45,141.264,4.13379,0,0,0.879445,-0.476,300,0,1,0),(800812,185301,0,0,0,1,1,3172.02,-5995.98,202.695,4.26079,0,0,0.847467,-0.530847,300,0,1,0),(800808,185301,0,0,0,1,1,3188.4,-6003.92,202.695,4.26079,0,0,0.847467,-0.530847,300,0,1,0),(800813,185301,0,0,0,1,1,3168.05,-6004.16,202.695,4.26079,0,0,0.847467,-0.530847,300,0,1,0),(800814,185301,0,0,0,1,1,3175.99,-5987.79,202.695,4.26079,0,0,0.847467,-0.530847,300,0,1,0),(800815,185301,0,0,0,1,1,3184.18,-5991.76,202.695,4.26079,0,0,0.847467,-0.530847,300,0,1,0),(800818,191365,0,0,0,1,1,3162.34,-6006.16,203.882,5.85203,0,0,0.213913,-0.976853,300,0,1,0),(800819,191365,0,0,0,1,1,3186.26,-6017.8,203.882,5.78723,0,0,0.245445,-0.969411,300,0,1,0),(800821,191365,0,0,0,1,1,3173.95,-5982.08,203.882,4.55416,0,0,0.76078,-0.64901,300,0,1,0),(800820,191365,0,0,0,1,1,3198.12,-5993.77,203.882,2.65546,0,0,0.970604,0.240681,300,0,1,0),(800816,185301,0,0,0,1,1,3192.37,-5995.73,202.695,4.26079,0,0,0.847467,-0.530847,300,0,1,0),(800811,185301,0,0,0,1,1,3180.21,-5999.95,202.695,4.26079,0,0,0.847467,-0.530847,300,0,1,0),(800801,195066,0,0,0,1,1,3147.41,-6201.77,141.265,5.65905,0,0,0.307028,-0.9517,300,0,1,0),(800859,185001,0,0,0,1,1,3186.18,-5997.89,203.882,3.54179,0,0,0.980047,-0.198767,300,0,1,0),(800795,192824,0,0,0,1,1,3151.04,-6189.11,141.659,0.673722,0,0,0.330526,0.943797,300,0,1,0),(800802,195066,0,0,0,1,1,3147.89,-6203.62,141.271,5.38612,0,0,0.433643,-0.901085,300,0,1,0),(800759,203037,0,0,0,1,1,3042.42,-6112.35,133.124,6.25139,0,0,0.0158984,-0.999874,300,0,1,0),(800745,179769,0,0,0,1,1,3148.54,-6097.93,199.945,3.59455,0,0,0.974463,-0.224548,300,0,1,0),(800746,179769,0,0,0,1,1,3148.99,-6106.55,199.945,2.81975,0,0,0.98708,0.160226,300,0,1,0),(800750,179769,0,0,0,1,1,3127.46,-6098.55,199.945,5.92844,0,0,0.176446,-0.98431,300,0,1,0),(800747,179769,0,0,0,1,1,3143.11,-6113.35,199.945,2.03823,0,0,0.851644,0.524121,300,0,1,0),(800781,192825,0,0,0,1,1,3149.83,-6196.86,141.427,4.57989,0,0,0.752368,-0.658743,300,0,1,0),(800749,179769,0,0,0,1,1,3134.53,-6113.97,199.945,1.24432,0,0,0.58279,0.812623,300,0,1,0),(800768,190554,0,0,0,1,1,3149.06,-6198.82,141.444,1.47442,0,0,0.672225,0.740347,300,0,1,0),(800764,190554,0,0,0,1,1,3148.43,-6201.8,141.281,4.10393,0,0,0.886454,-0.462816,300,0,1,0),(800773,190554,0,0,0,1,1,3150.76,-6187.76,141.664,4.75738,0,0,0.691022,-0.722834,300,0,1,0),(800752,179769,0,0,0,1,1,3133.66,-6092.18,199.945,5.18467,0,0,0.522056,-0.852911,300,0,1,0),(800767,190554,0,0,0,1,1,3149.82,-6197.14,141.426,1.52154,0,0,0.689481,0.724304,300,0,1,0),(800769,190554,0,0,0,1,1,3150.49,-6194.37,141.489,4.64586,0,0,0.730234,-0.683198,300,0,1,0),(800771,190554,0,0,0,1,1,3150.05,-6192,141.503,1.60165,0,0,0.717932,0.696114,300,0,1,0),(800786,181143,0,0,0,1,1,3146.54,-6203.36,141.264,5.64647,0,0,0.313009,-0.94975,300,0,1,0),(800779,192825,0,0,0,1,1,3150.35,-6188.03,141.658,5.22391,0,0,0.505222,-0.862989,300,0,1,0),(800785,181143,0,0,0,1,1,3149.2,-6193.8,141.489,0.0171182,0,0,0.008559,0.999963,300,0,1,0),(800782,192825,0,0,0,1,1,3149.36,-6198.49,141.435,5.76388,0,0,0.256746,-0.966479,300,0,1,0),(800778,202218,0,0,0,1,1,3148.16,-6202.45,141.274,4.26573,0,0,0.846155,-0.532936,300,0,1,0),(800777,202218,0,0,0,1,1,3150.32,-6188.55,141.659,2.73027,0,0,0.978926,0.204214,300,0,1,0),(800761,203037,0,0,0,1,1,3217.52,-6048.06,131.407,0.215001,0,0,0.107294,0.994227,300,0,1,0),(800796,192824,0,0,0,1,1,3151.78,-6186.9,141.681,1.24863,0,0,0.584543,0.811363,300,0,1,0),(800789,192824,0,0,0,1,1,3150.67,-6191.72,141.514,4.46798,0,0,0.78803,-0.615637,300,0,1,0),(800799,192823,0,0,0,1,1,3149.85,-6193.74,141.489,5.74897,0,0,0.263943,-0.964538,300,0,1,0),(800787,192824,0,0,0,1,1,3148.86,-6191.7,141.49,4.90466,0,0,0.635967,-0.771716,300,0,1,0),(800780,192825,0,0,0,1,1,3149.47,-6192.99,141.489,5.79529,0,0,0.241537,-0.970392,300,0,1,0),(800770,190554,0,0,0,1,1,3150.09,-6193.27,141.491,1.9221,0,0,0.819792,0.572661,300,0,1,0),(800772,190554,0,0,0,1,1,3150.32,-6186.23,141.662,4.65057,0,0,0.728623,-0.684915,300,0,1,0),(800737,180322,0,0,0,1,1,3191.5,-6093.02,201.15,3.27923,0,0,0.997633,-0.0687658,300,0,1,0),(800748,179769,0,0,0,1,1,3127.41,-6107.36,199.945,0.443867,0,0,0.220116,0.975474,300,0,1,0),(800751,179769,0,0,0,1,1,3142.18,-6092.05,199.945,4.36982,0,0,0.817285,-0.576233,300,0,1,0),(800738,180322,0,0,0,1,1,3188.94,-6079.91,201.165,3.52978,0,0,0.981223,-0.192877,300,0,1,0),(800739,180322,0,0,0,1,1,3178.59,-6069.14,201.156,1.12057,0,0,0.531428,0.847103,300,0,1,0),(800736,180322,0,0,0,1,1,3191.79,-6115.95,201.117,2.99256,0,0,0.997225,0.0744451,300,0,1,0),(800735,180322,0,0,0,1,1,3169.7,-6147.36,201.167,2.25861,0,0,0.904116,0.427288,300,0,1,0),(800732,180322,0,0,0,1,1,3089.88,-6076.41,201.129,5.71659,0,0,0.279523,-0.960139,300,0,1,0),(800729,180322,0,0,0,1,1,3093.87,-6135.37,201.165,0.674073,0,0,0.330692,0.943739,300,0,1,0),(800742,180322,0,0,0,1,1,3127.69,-6050.89,200.877,1.36504,0,0,0.630751,0.775986,300,0,1,0),(800722,180322,0,0,0,1,1,3101.9,-6295.17,154.871,3.87302,0,0,0.933868,-0.357617,300,0,1,0),(800724,180322,0,0,0,1,1,3156.87,-6029.61,201.119,1.24506,0,0,0.583092,0.812406,300,0,1,0),(800719,178984,0,0,0,1,1,3132.19,-6262.08,140.18,4.11,0,0,0.885046,-0.465504,300,0,1,0),(800718,194027,0,0,0,1,1,3123.52,-6227.99,141.111,2.94429,0,0,0.995138,0.0984914,300,0,1,0),(800721,180322,0,0,0,1,1,3105.81,-6312.7,153.414,4.79508,0,0,0.677275,-0.73573,300,0,1,0),(800720,180322,0,0,0,1,1,3122.71,-6313.89,150.714,4.78111,0,0,0.682396,-0.730983,300,0,1,0),(800725,180322,0,0,0,1,1,3167.86,-6033.56,201.119,1.22346,0,0,0.574285,0.818655,300,0,1,0),(800727,180322,0,0,0,1,1,3172.22,-6049.46,201.12,5.92211,0,0,0.179558,-0.983747,300,0,1,0),(800723,180322,0,0,0,1,1,3182.46,-6133.84,200.888,2.52881,0,0,0.953429,0.301618,300,0,1,0),(800731,180322,0,0,0,1,1,3083.14,-6098.37,201.14,6.24437,0,0,0.0194041,-0.999812,300,0,1,0),(800730,180322,0,0,0,1,1,3085.04,-6117.48,201.166,3.31498,0,0,0.996245,-0.0865836,300,0,1,0),(800744,180322,0,0,0,1,1,3156.21,-6155.56,201.167,1.86905,0,0,0.804318,0.5942,300,0,1,0),(800734,180322,0,0,0,1,1,3135.43,-6157.59,201.147,1.54783,0,0,0.698939,0.715181,300,0,1,0),(800733,180322,0,0,0,1,1,3099.96,-6064.66,201.154,2.31307,0,0,0.915413,0.402515,300,0,1,0),(800760,203037,0,0,0,1,1,3127.45,-5995.3,132.347,4.69059,0,0,0.71477,-0.699359,300,0,1,0),(800774,190554,0,0,0,1,1,3150.17,-6188.91,141.658,3.30518,0,0,0.996657,-0.0817024,300,0,1,0),(800810,185301,0,0,0,1,1,3176.24,-6008.13,202.695,4.26079,0,0,0.847467,-0.530847,300,0,1,0),(800822,194005,0,0,0,1,1,3182.71,-6016.13,203.882,1.12394,0,0,0.532855,0.846206,300,0,1,0),(800841,194005,0,0,0,1,1,3178.32,-6014.12,203.882,1.14985,0,0,0.543772,0.839233,300,0,1,0),(800823,194005,0,0,0,1,1,3174.32,-6012.25,203.882,1.13768,0,0,0.538657,0.842525,300,0,1,0),(800840,194005,0,0,0,1,1,3170.27,-6010.01,203.882,1.14199,0,0,0.540471,0.841362,300,0,1,0),(800824,194005,0,0,0,1,1,3166.22,-6008.18,203.882,1.14004,0,0,0.53965,0.84189,300,0,1,0),(800825,194005,0,0,0,1,1,3163.97,-6002.33,203.882,5.8269,0,0,0.226168,-0.974088,300,0,1,0),(800826,194005,0,0,0,1,1,3188.17,-6013.9,203.882,2.6806,0,0,0.973553,0.228462,300,0,1,0),(800827,194005,0,0,0,1,1,3190.14,-6009.75,203.882,2.68649,0,0,0.974221,0.225594,300,0,1,0),(800828,194005,0,0,0,1,1,3166.06,-5998.25,203.882,5.88109,0,0,0.199695,-0.979858,300,0,1,0),(800829,194005,0,0,0,1,1,3168.08,-5994.23,203.882,5.83004,0,0,0.224637,-0.974442,300,0,1,0),(800830,194005,0,0,0,1,1,3192.1,-6005.66,203.882,2.67078,0,0,0.972419,0.233239,300,0,1,0),(800831,194005,0,0,0,1,1,3194.12,-6001.74,203.882,2.70534,0,0,0.976304,0.216403,300,0,1,0),(800832,194005,0,0,0,1,1,3196.26,-5997.49,203.882,2.69552,0,0,0.975231,0.22119,300,0,1,0),(800833,194005,0,0,0,1,1,3194.2,-5991.84,203.882,4.26985,0,0,0.845055,-0.53468,300,0,1,0),(800834,194005,0,0,0,1,1,3190.15,-5989.98,203.882,4.27181,0,0,0.84453,-0.535509,300,0,1,0),(800835,194005,0,0,0,1,1,3185.94,-5987.83,203.882,4.26946,0,0,0.84516,-0.534513,300,0,1,0),(800836,194005,0,0,0,1,1,3181.92,-5985.93,203.882,4.22076,0,0,0.857923,-0.513779,300,0,1,0),(800837,194005,0,0,0,1,1,3177.82,-5983.85,203.882,4.25649,0,0,0.848607,-0.529024,300,0,1,0),(800838,194005,0,0,0,1,1,3172.13,-5985.97,203.882,5.81158,0,0,0.233624,-0.972327,300,0,1,0),(800839,194005,0,0,0,1,1,3170.18,-5990.05,203.882,5.81747,0,0,0.230759,-0.973011,300,0,1,0),(800842,185016,0,0,0,1,1,3180.88,-5995.79,203.882,3.93174,0,0,0.922968,-0.384877,300,0,1,0),(800843,185016,0,0,0,1,1,3184.2,-6002.52,203.883,6.24985,0,0,0.0166691,-0.999861,300,0,1,0),(800860,177749,0,0,0,1,1,3186.39,-5997.78,203.882,3.48289,0,0,0.985475,-0.169822,300,0,1,0),(800845,180641,0,0,0,1,1,3113.41,-6200.11,140.745,3.87568,0,0,0.933393,-0.358856,300,0,1,0),(800846,180641,0,0,0,1,1,3140.8,-6235.28,141.144,3.36245,0,0,0.993909,-0.110204,300,0,1,0),(800847,180641,0,0,0,1,1,3134.73,-6167.6,140.009,4.55308,0,0,0.76113,-0.6486,300,0,1,0),(800848,180641,0,0,0,1,1,3146.68,-6172.19,140.222,4.14467,0,0,0.876843,-0.480776,300,0,1,0),(800849,180641,0,0,0,1,1,3108.51,-6183.76,139.731,2.02829,0,0,0.849029,0.528346,300,0,1,0),(800850,180641,0,0,0,1,1,3121.06,-6219.2,141.166,2.02829,0,0,0.849029,0.528346,300,0,1,0),(800851,180641,0,0,0,1,1,3151.12,-6214.59,140.797,2.02829,0,0,0.849029,0.528346,300,0,1,0),(800852,180641,0,0,0,1,1,3146.03,-6224.47,141.268,2.02829,0,0,0.849029,0.528346,300,0,1,0),(800853,184655,0,0,0,1,1,3094.94,-6133.26,201.165,0.475861,0,0,0.235692,0.971828,300,0,1,0),(800854,184655,0,0,0,1,1,3087.05,-6110.38,201.166,0.124388,0,0,0.0621541,0.998067,300,0,1,0),(800855,184655,0,0,0,1,1,3088.51,-6085.2,201.158,5.87546,0,0,0.202451,-0.979292,300,0,1,0),(800856,184655,0,0,0,1,1,3100.94,-6065.93,201.165,5.50829,0,0,0.377826,-0.925877,300,0,1,0),(800857,184655,0,0,0,1,1,3122.46,-6051.97,201.157,4.71111,0,0,0.707558,-0.706656,300,0,1,0),(800858,184655,0,0,0,1,1,3152.42,-6032.42,201.139,4.99965,0,0,0.598611,-0.80104,300,0,1,0),(800862,180322,0,0,0,1,1,3175.83,-6012.44,203.881,1.11725,0,0,0.530022,0.847984,300,0,1,0),(800861,179745,0,0,0,1,1,3186.39,-5997.78,203.882,3.48289,0,0,0.985475,-0.169822,300,0,1,0),(800863,180322,0,0,0,1,1,3174.69,-6011.47,203.881,1.10154,0,0,0.523345,0.852121,300,0,1,0),(800870,68,0,0,0,1,1,3087.17,-6112.83,201.165,0.465928,0,0,0.230862,0.972986,300,0,1,0),(800864,181075,0,0,0,1,1,3142.79,-6224.17,140.815,5.7085,0,0,0.283407,-0.959,300,0,1,0),(800871,189289,0,0,0,1,1,3103.18,-6066.39,201.164,0.787937,0,0,0.383856,0.923393,300,0,1,0),(800869,193963,0,0,0,1,1,3089.03,-6107.8,201.165,3.93306,0,0,0.922713,-0.385487,300,0,1,0),(800865,181075,0,0,0,1,1,3108.75,-6186.71,140.037,2.02263,0,0,0.847529,0.530749,300,0,1,0),(800868,182093,0,0,0,1,1,3096.2,-6134.9,201.165,2.09877,0,0,0.867117,0.498104,300,0,1,0),(800867,187114,0,0,0,1,1,3097.35,-6131.58,201.165,2.07521,0,0,0.86119,0.508284,300,0,1,0),(800866,187114,0,0,0,1,1,3091.39,-6087.2,201.165,1.24269,0,0,0.582128,0.813097,300,0,1,0),(800872,182828,0,0,0,1,1,3098.95,-6067.11,201.164,2.08463,0,0,0.863575,0.504221,300,0,1,0),(800891,190563,0,0,0,1,1,3103.78,-6065.49,202.53,2.01125,0,0,0.844498,0.535559,300,0,1,0),(800873,180689,0,0,0,1,1,3088.43,-6087.98,201.152,3.28589,0,0,0.997398,-0.0720858,300,0,1,0),(800887,3236,0,0,0,1,1,3120.65,-6052.41,202.285,5.10651,0,0,0.554977,-0.831866,300,0,1,0),(800874,188238,0,0,0,1,1,3118.63,-6055.05,201.163,2.36624,0,0,0.925789,0.378041,300,0,1,0),(800875,188238,0,0,0,1,1,3118.17,-6053,201.161,3.14771,0,0,0.999995,-0.00305645,300,0,1,0),(800876,188238,0,0,0,1,1,3118.31,-6054.11,202.104,6.16931,0,0,0.0569054,-0.99838,300,0,1,0),(800877,188238,0,0,0,1,1,3120.07,-6052.31,201.159,1.87123,0,0,0.804963,0.593325,300,0,1,0),(800879,188238,0,0,0,1,1,3119.05,-6052.32,202.13,1.89086,0,0,0.810749,0.585393,300,0,1,0),(800878,188238,0,0,0,1,1,3118.68,-6053.18,203.259,2.72927,0,0,0.978824,0.204704,300,0,1,0),(800880,179976,0,0,0,1,1,3123.9,-6055.24,201.16,6.02086,0,0,0.130786,-0.991411,300,0,1,0),(800882,184655,0,0,0,1,1,3174.12,-6137.61,201.16,2.36,0,0,0.924606,0.380925,300,0,1,0),(800881,202079,0,0,0,1,1,3178.1,-6136.89,201.163,6.07172,0,0,0.105535,-0.994416,300,0,1,0),(800883,191945,0,0,0,1,1,3099.78,-6134.62,201.165,1.00949,0,0,0.483585,0.875298,300,0,1,0),(800884,192823,0,0,0,1,1,3096.81,-6130.64,202.101,4.86383,0,0,0.651591,-0.75857,300,0,1,0),(800885,192823,0,0,0,1,1,3096.17,-6134.79,202.042,1.16539,0,0,0.550275,0.834983,300,0,1,0),(800886,188131,0,0,0,1,1,3091.59,-6086.09,202.097,5.49764,0,0,0.38275,-0.923852,300,0,1,0),(800888,190563,0,0,0,1,1,3085.39,-6109.22,201.164,2.86773,0,0,0.99064,0.136502,300,0,1,0),(800889,190563,0,0,0,1,1,3086.16,-6107.34,201.165,2.97573,0,0,0.996563,0.0828385,300,0,1,0),(800890,190563,0,0,0,1,1,3088.83,-6112.65,201.164,3.18189,0,0,0.999797,-0.0201484,300,0,1,0),(800892,179685,0,0,0,1,1,3137.63,-6089.91,199.944,4.80206,0,0,0.674705,-0.738088,300,0,1,0),(800893,179685,0,0,0,1,1,3147.11,-6093.28,199.944,0.837758,0,0,0.406737,0.913545,300,0,1,0),(800894,179685,0,0,0,1,1,3151.5,-6102.11,199.945,3.20378,0,0,0.999517,-0.0310868,300,0,1,0),(800895,179685,0,0,0,1,1,3147.86,-6111.7,199.945,2.42623,0,0,0.936712,0.350101,300,0,1,0),(800896,179685,0,0,0,1,1,3139.04,-6116.05,199.945,1.58782,0,0,0.713101,0.701061,300,0,1,0),(800897,179685,0,0,0,1,1,3129.27,-6112.67,199.945,0.916307,0,0,0.442293,0.896871,300,0,1,0),(800898,179685,0,0,0,1,1,3124.89,-6103.02,199.945,6.18633,0,0,0.0484093,-0.998828,300,0,1,0),(800899,179685,0,0,0,1,1,3128.77,-6093.67,199.945,2.55779,0,0,0.957698,0.287776,300,0,1,0),(800900,184655,0,0,0,1,1,3185.35,-6121.34,201.149,2.11247,0,0,0.870509,0.492153,300,0,1,0),(800901,184655,0,0,0,1,1,3188.91,-6097.99,201.164,3.20417,0,0,0.999511,-0.0312834,300,0,1,0),(800902,184655,0,0,0,1,1,3183.26,-6074.24,201.159,3.94637,0,0,0.920128,-0.391618,300,0,1,0),(800903,184655,0,0,0,1,1,3170.56,-6039.09,201.14,3.80147,0,0,0.946063,-0.323983,300,0,1,0),(801095,184655,0,0,0,1,1,3150.31,-6151.48,201.166,1.6731,0,0,0.742336,0.670028,300,0,1,0),(800904,148506,0,0,0,1,1,3167.13,-6061.1,201.158,5.94826,0,0,0.166679,-0.986011,300,0,1,0),(800905,148506,0,0,0,1,1,3170.57,-6066.15,201.163,1.25944,0,0,0.588917,0.808193,300,0,1,0),(800906,148506,0,0,0,1,1,3140.45,-6052.25,201.16,2.94527,0,0,0.995186,0.0980028,300,0,1,0),(800908,184949,0,0,0,1,1,3182.07,-6078.83,201.164,3.78163,0,0,0.94923,-0.314584,300,0,1,0),(800907,191014,0,0,0,1,1,3154.43,-6151.44,201.166,5.52912,0,0,0.368163,-0.929761,300,0,1,0),(800909,181144,0,0,0,1,1,3182.29,-6078.8,202.363,3.81933,0,0,0.943131,-0.332422,300,0,1,0),(800910,181144,0,0,0,1,1,3097.8,-6132.37,202.101,3.83426,0,0,0.940623,-0.339452,300,0,1,0),(800911,182185,0,0,0,1,1,3179.94,-6074.99,201.16,0.806557,0,0,0.392436,0.919779,300,0,1,0),(800912,182185,0,0,0,1,1,3181.74,-6077.7,202.363,4.89063,0,0,0.641366,-0.767235,300,0,1,0),(800913,182185,0,0,0,1,1,3182.6,-6081.27,201.164,0.401296,0,0,0.199304,0.979938,300,0,1,0),(800914,194357,0,0,0,1,1,3179.33,-6075.12,201.161,0.797924,0,0,0.388462,0.921465,300,0,1,0),(800915,194357,0,0,0,1,1,3179.72,-6075.54,201.161,0.7508,0,0,0.366645,0.930361,300,0,1,0),(800916,194357,0,0,0,1,1,3181.94,-6080.98,201.163,0.244218,0,0,0.121806,0.992554,300,0,1,0),(800917,194357,0,0,0,1,1,3181.77,-6079.69,202.364,6.1995,0,0,0.0418309,-0.999125,300,0,1,0),(800918,193407,0,0,0,1,1,3185.76,-6076.04,201.162,3.70319,0,0,0.960835,-0.277121,300,0,1,0),(800922,183968,0,0,0,1,1,3151.98,-6068.24,200.542,0.453213,0,0,0.224672,0.974434,300,0,1,0),(800919,189312,0,0,0,1,1,3185.6,-6095.62,201.164,0.786222,0,0,0.383064,0.923722,300,0,1,0),(800920,189312,0,0,0,1,1,3190.54,-6100.46,201.164,6.20154,0,0,0.0408099,-0.999167,300,0,1,0),(800921,183968,0,0,0,1,1,3104.54,-6106.81,200.559,1.18363,0,0,0.55787,0.829928,300,0,1,0),(800923,183968,0,0,0,1,1,3158.21,-6120.64,200.467,3.91486,0,0,0.926184,-0.377071,300,0,1,0),(800927,188476,0,0,0,1,1,3166.56,-6089.14,200.653,1.25055,0,0,0.585321,0.810801,300,0,1,0),(800924,188476,0,0,0,1,1,3123.99,-6074.42,200.658,2.86596,0,0,0.990519,0.137378,300,0,1,0),(800925,188476,0,0,0,1,1,3109.57,-6117.26,200.459,4.66452,0,0,0.723825,-0.689983,300,0,1,0),(800926,188476,0,0,0,1,1,3152.02,-6131.52,200.579,0.134352,0,0,0.0671255,0.997745,300,0,1,0),(800928,183036,0,0,0,1,1,3127.91,-6132.6,200.34,2.88772,0,0,0.991954,0.126596,300,0,1,0),(800929,183036,0,0,0,1,1,3108.29,-6092.73,200.342,1.0656,0,0,0.507946,0.861389,300,0,1,0),(800930,183036,0,0,0,1,1,3148.95,-6071.72,200.341,0.521708,0,0,0.257906,0.96617,300,0,1,0),(800931,183036,0,0,0,1,1,3167.54,-6113.23,200.341,5.82472,0,0,0.22723,-0.973841,300,0,1,0),(800932,103600,0,0,0,1,1,3149.32,-6033.47,201.13,5.88873,0,0,0.195954,-0.980613,300,0,1,0),(800933,1165,0,0,0,1,1,3148.99,-6035.64,201.13,2.33087,0,0,0.918961,0.394349,300,0,1,0),(800934,1165,0,0,0,1,1,3149.61,-6037.03,201.133,2.34266,0,0,0.921268,0.388929,300,0,1,0),(800935,1165,0,0,0,1,1,3150.91,-6031.93,201.136,1.06835,0,0,0.50913,0.86069,300,0,1,0),(800936,1165,0,0,0,1,1,3154.19,-6032.74,201.137,5.87891,0,0,0.200763,-0.97964,300,0,1,0),(800937,180334,0,0,0,1,1,3152.04,-6034.51,201.141,0.307689,0,0,0.153239,0.988189,300,0,1,0),(800938,1728,0,0,0,1,1,3169.15,-6040.46,201.14,6.05523,0,0,0.113729,-0.993512,300,0,1,0),(800939,2710,0,0,0,1,1,3153.44,-6034.84,201.147,2.32381,0,0,0.917561,0.397594,300,0,1,0),(800940,183814,0,0,0,1,1,3167.2,-6037.7,201.138,0.970429,0,0,0.466398,0.884575,300,0,1,0),(800941,183814,0,0,0,1,1,3167.91,-6037.97,201.139,1.87599,0,0,0.806374,0.591406,300,0,1,0),(800942,183814,0,0,0,1,1,3167.53,-6045.32,201.135,4.23061,0,0,0.855381,-0.517999,300,0,1,0),(800943,184614,0,0,0,1,1,3165.09,-6038.64,201.144,0.427714,0,0,0.212231,0.97722,300,0,1,0),(800944,184614,0,0,0,1,1,3169.76,-6037.01,201.132,0.46502,0,0,0.230421,0.973091,300,0,1,0),(800945,183820,0,0,0,1,1,3171.09,-6041.26,201.133,0.0880335,0,0,0.0440025,0.999031,300,0,1,0),(800946,183820,0,0,0,1,1,3171.56,-6041.93,201.13,5.32507,0,0,0.460944,-0.887429,300,0,1,0),(800947,183820,0,0,0,1,1,3172.36,-6042.41,201.126,6.26833,0,0,0.00742682,-0.999972,300,0,1,0),(800948,183820,0,0,0,1,1,3172.19,-6041.21,201.129,1.70988,0,0,0.754532,0.656263,300,0,1,0),(800950,183820,0,0,0,1,1,3170.98,-6041.1,201.826,5.63059,0,0,0.320538,-0.947236,300,0,1,0),(800949,183820,0,0,0,1,1,3171.77,-6042.16,201.822,0.282028,0,0,0.140547,0.990074,300,0,1,0),(800951,183820,0,0,0,1,1,3172.06,-6041.21,201.822,4.09514,0,0,0.88848,-0.458915,300,0,1,0),(800952,183820,0,0,0,1,1,3171.95,-6041.67,202.516,2.87974,0,0,0.991441,0.130553,300,0,1,0),(800953,183820,0,0,0,1,1,3171.52,-6040.28,201.133,4.64492,0,0,0.730554,-0.682855,300,0,1,0),(800954,183820,0,0,0,1,1,3170.73,-6042.79,201.131,0.175997,0,0,0.0878849,0.996131,300,0,1,0),(800955,177287,0,0,0,1,1,3176.02,-6140.26,203.718,5.55008,0,0,0.3584,-0.933568,300,0,1,0),(800957,2076,0,0,0,1,1,3186.05,-6117.24,201.146,5.97404,0,0,0.153958,-0.988077,300,0,1,0),(800956,1557,0,0,0,1,1,3183.3,-6120.69,201.149,5.995,0,0,0.143595,-0.989636,300,0,1,0),(800958,191507,0,0,0,1,1,3165.11,-6144.84,201.167,3.77572,0,0,0.950156,-0.311776,300,0,1,0),(800964,192496,0,0,0,1,1,3129.27,-6112.67,199.945,0.916307,0,0,0.442293,0.896871,300,0,1,0),(800962,192496,0,0,0,1,1,3147.86,-6111.7,199.945,2.42623,0,0,0.936711,0.350103,300,0,1,0),(800963,192496,0,0,0,1,1,3139.04,-6116.05,199.945,1.58782,0,0,0.7131,0.701062,300,0,1,0),(800959,164927,0,0,0,1,1,3180.35,-6123.58,201.166,0.029765,0,0,0.014882,0.999889,300,0,1,0),(800960,164927,0,0,0,1,1,3179.97,-6122.95,201.166,0.455843,0,0,0.225953,0.974138,300,0,1,0),(800961,164838,0,0,0,1,1,3181.69,-6123.75,201.156,0.245356,0,0,0.122371,0.992484,300,0,1,0),(800965,192496,0,0,0,1,1,3124.89,-6103.02,199.945,6.18633,0,0,0.0484088,-0.998828,300,0,1,0),(800966,192496,0,0,0,1,1,3128.77,-6093.67,199.945,2.55779,0,0,0.957698,0.287774,300,0,1,0),(800967,192496,0,0,0,1,1,3137.63,-6089.91,199.944,4.80206,0,0,0.674703,-0.738089,300,0,1,0),(800968,192496,0,0,0,1,1,3147.11,-6093.28,199.944,0.837758,0,0,0.406737,0.913545,300,0,1,0),(800969,192496,0,0,0,1,1,3151.5,-6102.11,199.945,3.20378,0,0,0.999517,-0.0310886,300,0,1,0),(800971,1587,0,0,0,1,1,3184.25,-6115.77,201.154,5.26389,0,0,0.487872,-0.872915,300,0,1,0),(800970,1587,0,0,0,1,1,3183.82,-6115.08,201.157,5.78539,0,0,0.246336,-0.969185,300,0,1,0),(800972,1587,0,0,0,1,1,3184.27,-6116.59,201.151,4.74238,0,0,0.696424,-0.717631,300,0,1,0),(800973,1587,0,0,0,1,1,3182.54,-6121.03,201.873,0.425047,0,0,0.210927,0.977502,300,0,1,0),(800974,1587,0,0,0,1,1,3183.23,-6121.47,201.873,5.71235,0,0,0.281559,-0.959544,300,0,1,0),(800975,4406,0,0,0,1,1,3145.48,-6229.02,141.709,3.58233,0,0,0.975817,-0.218589,300,0,1,0),(800976,4406,0,0,0,1,1,3148.55,-6224.25,141.783,4.72705,0,0,0.701905,-0.71227,300,0,1,0),(800977,6289,0,0,0,1,1,3146.96,-6176.63,140.237,0.628842,0,0,0.309266,0.950976,300,0,1,0),(800978,6908,0,0,0,1,1,3142.87,-6222.86,141.807,4.74826,0,0,0.694312,-0.719675,300,0,1,0),(800979,6906,0,0,0,1,1,3142.11,-6224.67,141.805,0.431709,0,0,0.214182,0.976794,300,0,1,0),(800980,18342,0,0,0,1,1,3116.22,-6200.52,140.518,4.10737,0,0,0.885658,-0.464338,300,0,1,0),(800981,18036,0,0,0,1,1,3115.87,-6199.28,140.47,3.76768,0,0,0.951401,-0.307955,300,0,1,0),(800982,18036,0,0,0,1,1,3114.11,-6201.99,140.821,3.42406,0,0,0.990043,-0.140766,300,0,1,0),(800983,18036,0,0,0,1,1,3113.88,-6202.4,140.9,2.13797,0,0,0.876714,0.481012,300,0,1,0),(800984,18036,0,0,0,1,1,3124.21,-6220.61,141.756,4.14271,0,0,0.877315,-0.479915,300,0,1,0),(801000,19016,0,0,0,1,1,3061.22,-6105.44,131.415,0.000623703,0,0,0.000311852,1,300,0,1,0),(800997,180322,0,0,0,1,1,3076.89,-6105.27,132.219,4.71733,0,0,0.705358,-0.708851,300,0,1,0),(800990,180322,0,0,0,1,1,3121.49,-6105.05,132.219,4.71733,0,0,0.705358,-0.708851,300,0,1,0),(800991,180322,0,0,0,1,1,3099.19,-6105.16,132.219,4.71733,0,0,0.705358,-0.708851,300,0,1,0),(800989,180322,0,0,0,1,1,3143.79,-6104.94,132.219,4.71733,0,0,0.705358,-0.708851,300,0,1,0),(800988,180322,0,0,0,1,1,3165.79,-6104.83,132.219,4.71733,0,0,0.705358,-0.708851,300,0,1,0),(800986,180322,0,0,0,1,1,3187.79,-6104.72,132.219,4.71733,0,0,0.705358,-0.708851,300,0,1,0),(800985,180322,0,0,0,1,1,3213.99,-6104.71,143.405,4.68788,0,0,0.71572,-0.698388,300,0,1,0),(800987,180322,0,0,0,1,1,3206.16,-6105.43,138.58,4.52688,0,0,0.769561,-0.638573,300,0,1,0),(800992,180322,0,0,0,1,1,3032.29,-6105.49,131.582,4.71733,0,0,0.705358,-0.708851,300,0,1,0),(800993,19016,0,0,0,1,1,3048.72,-6105.43,132.053,6.28185,0,0,0.000669869,-1,300,0,1,0),(800994,19016,0,0,0,1,1,3051.22,-6105.43,131.578,6.28185,0,0,0.000669869,-1,300,0,1,0),(800996,19016,0,0,0,1,1,3056.22,-6105.44,131.415,6.28185,0,0,0.000669869,-1,300,0,1,0),(800995,19016,0,0,0,1,1,3053.72,-6105.44,131.421,6.28185,0,0,0.000669869,-1,300,0,1,0),(800999,19016,0,0,0,1,1,3058.72,-6105.44,131.415,0.000623703,0,0,0.000311852,1,300,0,1,0),(801001,19016,0,0,0,1,1,3063.72,-6105.44,131.415,0.000623703,0,0,0.000311852,1,300,0,1,0),(800998,180322,0,0,0,1,1,3054.59,-6105.38,132.219,4.71733,0,0,0.705358,-0.708851,300,0,1,0),(801002,19016,0,0,0,1,1,3066.22,-6105.44,131.917,0.000623703,0,0,0.000311852,1,300,0,1,0),(801003,19016,0,0,0,1,1,3068.88,-6105.3,132.434,0.0104493,0,0,0.00522462,0.999986,300,0,1,0),(801004,19016,0,0,0,1,1,3068.88,-6105.3,132.434,0.0104493,0,0,0.00522462,0.999986,300,0,1,0),(801005,19016,0,0,0,1,1,3071.36,-6105.28,133.053,0.00652232,0,0,0.00326115,0.999995,300,0,1,0),(801006,19016,0,0,0,1,1,3074.39,-6105.25,134.209,0.0222303,0,0,0.0111149,0.999938,300,0,1,0),(801007,19016,0,0,0,1,1,3077.07,-6105.21,135.447,0.0163398,0,0,0.00816981,0.999967,300,0,1,0),(801009,19016,0,0,0,1,1,3080.33,-6105.15,137.12,0.0163398,0,0,0.00816981,0.999967,300,0,1,0),(801010,19016,0,0,0,1,1,3083.23,-6105.11,138.72,0.0163398,0,0,0.00816981,0.999967,300,0,1,0),(801011,19016,0,0,0,1,1,3086.27,-6105.06,140.164,0.0163398,0,0,0.00816981,0.999967,300,0,1,0),(801012,19016,0,0,0,1,1,3090.29,-6105.16,141.535,0.000631809,0,0,0.000315905,1,300,0,1,0),(801013,19016,0,0,0,1,1,3088.42,-6105.11,140.989,6.15619,0,0,0.0634543,-0.997985,300,0,1,0),(801014,19016,0,0,0,1,1,3092.63,-6105.21,142.06,6.27204,0,0,0.00557363,-0.999984,300,0,1,0),(801015,19016,0,0,0,1,1,3095.08,-6105.2,142.319,6.27204,0,0,0.00557387,-0.999984,300,0,1,0),(801016,19016,0,0,0,1,1,3097.07,-6105.22,142.326,6.27204,0,0,0.00557387,-0.999984,300,0,1,0),(801017,19016,0,0,0,1,1,3099.39,-6105.25,142.079,6.27204,0,0,0.00557387,-0.999984,300,0,1,0),(801018,19016,0,0,0,1,1,3101.82,-6105.28,141.562,6.27204,0,0,0.00557387,-0.999984,300,0,1,0),(801019,19016,0,0,0,1,1,3103.8,-6105.3,140.992,6.27204,0,0,0.00557387,-0.999984,300,0,1,0),(801020,19016,0,0,0,1,1,3106.29,-6105.12,140.118,0.0732769,0,0,0.0366302,0.999329,300,0,1,0),(801021,19016,0,0,0,1,1,3108.79,-6104.93,139.122,0.0732769,0,0,0.0366302,0.999329,300,0,1,0),(801022,19016,0,0,0,1,1,3111.28,-6104.75,137.945,0.0732769,0,0,0.0366302,0.999329,300,0,1,0),(801023,19016,0,0,0,1,1,3113.77,-6104.57,136.762,0.0732769,0,0,0.0366302,0.999329,300,0,1,0),(801024,19016,0,0,0,1,1,3116.27,-6104.38,135.521,0.0732769,0,0,0.0366302,0.999329,300,0,1,0),(801025,19016,0,0,0,1,1,3118.76,-6104.2,134.411,0.0732769,0,0,0.0366302,0.999329,300,0,1,0),(801026,19016,0,0,0,1,1,3121.25,-6104.02,133.355,0.0732769,0,0,0.0366302,0.999329,300,0,1,0),(801027,19016,0,0,0,1,1,3123.75,-6103.83,132.573,0.0732769,0,0,0.0366302,0.999329,300,0,1,0),(801028,19016,0,0,0,1,1,3125.74,-6105.76,132.078,0.871625,0,0,0.422147,0.906527,300,0,1,0),(801029,19016,0,0,0,1,1,3128.43,-6105.13,131.677,0.0296775,0,0,0.0148382,0.99989,300,0,1,0),(801030,19016,0,0,0,1,1,3130.93,-6105.05,131.504,0.0296775,0,0,0.0148382,0.99989,300,0,1,0),(801031,19016,0,0,0,1,1,3133.43,-6104.98,131.42,0.0296775,0,0,0.0148382,0.99989,300,0,1,0),(801032,19016,0,0,0,1,1,3135.93,-6104.91,131.411,0.0296775,0,0,0.0148382,0.99989,300,0,1,0),(801033,19016,0,0,0,1,1,3138.42,-6104.83,131.407,6.27752,0,0,0.00283256,-0.999996,300,0,1,0),(801034,19016,0,0,0,1,1,3140.92,-6104.85,131.407,6.27752,0,0,0.00283256,-0.999996,300,0,1,0),(801035,19016,0,0,0,1,1,3143.42,-6104.86,131.407,6.27752,0,0,0.00283256,-0.999996,300,0,1,0),(801036,19016,0,0,0,1,1,3145.92,-6104.87,131.407,6.27752,0,0,0.00283256,-0.999996,300,0,1,0),(801037,19016,0,0,0,1,1,3148.42,-6104.89,131.407,6.27752,0,0,0.00283256,-0.999996,300,0,1,0),(801038,19016,0,0,0,1,1,3150.92,-6104.9,131.407,6.27752,0,0,0.00283256,-0.999996,300,0,1,0),(801039,19016,0,0,0,1,1,3153.42,-6104.92,131.407,6.27752,0,0,0.00283256,-0.999996,300,0,1,0),(801040,19016,0,0,0,1,1,3155.92,-6104.93,131.407,6.27752,0,0,0.00283256,-0.999996,300,0,1,0),(801041,19016,0,0,0,1,1,3158.42,-6104.95,131.407,6.27752,0,0,0.00283256,-0.999996,300,0,1,0),(801042,19016,0,0,0,1,1,3160.92,-6104.96,131.407,6.27752,0,0,0.00283256,-0.999996,300,0,1,0),(801043,19016,0,0,0,1,1,3163.42,-6104.97,131.407,6.27752,0,0,0.00283256,-0.999996,300,0,1,0),(801044,19016,0,0,0,1,1,3165.92,-6104.97,131.407,0.000226498,0,0,0.000113249,1,300,0,1,0),(801045,19016,0,0,0,1,1,3168.42,-6104.97,131.407,0.000226498,0,0,0.000113249,1,300,0,1,0),(801046,19016,0,0,0,1,1,3170.92,-6104.97,131.407,0.000226498,0,0,0.000113249,1,300,0,1,0),(801047,19016,0,0,0,1,1,3173.42,-6104.97,131.407,0.000226498,0,0,0.000113249,1,300,0,1,0),(801048,19016,0,0,0,1,1,3176.44,-6104.81,132.125,0.0375329,0,0,0.0187653,0.999824,300,0,1,0),(801049,19016,0,0,0,1,1,3178.94,-6104.78,132.819,0.0120075,0,0,0.0060037,0.999982,300,0,1,0),(801050,19016,0,0,0,1,1,3181.84,-6104.74,134.044,0.0120075,0,0,0.0060037,0.999982,300,0,1,0),(801051,19016,0,0,0,1,1,3184.64,-6104.71,135.282,0.0120075,0,0,0.0060037,0.999982,300,0,1,0),(801052,19016,0,0,0,1,1,3187.33,-6104.68,136.479,0.0120075,0,0,0.0060037,0.999982,300,0,1,0),(801053,19016,0,0,0,1,1,3189.3,-6105.35,137.738,5.87428,0,0,0.20303,-0.979173,300,0,1,0),(801054,19016,0,0,0,1,1,3191.81,-6106.84,139.71,5.74862,0,0,0.264111,-0.964492,300,0,1,0),(801055,19016,0,0,0,1,1,3194.13,-6108.17,141.655,5.74273,0,0,0.26695,-0.96371,300,0,1,0),(801056,19016,0,0,0,1,1,3196.33,-6109.5,143.702,5.74077,0,0,0.267896,-0.963448,300,0,1,0),(801057,19016,0,0,0,1,1,3198.63,-6110.89,146.095,5.74077,0,0,0.267896,-0.963448,300,0,1,0),(801058,19016,0,0,0,1,1,3200.83,-6112.21,148.644,5.74077,0,0,0.267896,-0.963448,300,0,1,0),(801059,19016,0,0,0,1,1,3045.65,-6106.17,133.375,2.24143,0,0,0.900412,0.435037,300,0,1,0),(801060,19016,0,0,0,1,1,3051.96,-6121.54,131.718,1.89861,0,0,0.813012,0.582246,300,0,1,0),(801061,19016,0,0,0,1,1,3052.99,-6118.83,131.426,2.36003,0,0,0.924612,0.380909,300,0,1,0),(801062,19016,0,0,0,1,1,3051.78,-6116.8,131.414,3.29662,0,0,0.996997,-0.0774352,300,0,1,0),(801063,19016,0,0,0,1,1,3050.76,-6114.11,131.411,4.61412,0,0,0.740983,-0.671524,300,0,1,0),(801064,19016,0,0,0,1,1,3048.49,-6112.55,131.499,4.47078,0,0,0.787166,-0.616741,300,0,1,0),(801065,19016,0,0,0,1,1,3046.43,-6111.11,131.772,3.71091,0,0,0.959757,-0.280831,300,0,1,0),(801066,19016,0,0,0,1,1,3049.56,-6120.48,131.801,1.93003,0,0,0.822057,0.569405,300,0,1,0),(801067,19016,0,0,0,1,1,3048.45,-6118.9,131.749,2.55442,0,0,0.957212,0.289387,300,0,1,0),(801068,19016,0,0,0,1,1,3045.65,-6118.2,132.029,3.22986,0,0,0.999026,-0.0441191,300,0,1,0),(801069,19016,0,0,0,1,1,3043.31,-6119.29,133.132,4.04078,0,0,0.900624,-0.4346,300,0,1,0),(801070,19016,0,0,0,1,1,3040.8,-6121.88,135.93,4.07416,0,0,0.893245,-0.44957,300,0,1,0),(801071,19016,0,0,0,1,1,3041.52,-6120.97,134.634,2.45624,0,0,0.941859,0.336009,300,0,1,0),(801072,190554,0,0,0,1,1,3124.28,-6218.23,141.753,4.35611,0,0,0.821215,-0.570619,300,0,1,0),(801073,190554,0,0,0,1,1,3124.22,-6218.97,141.753,2.52456,0,0,0.952786,0.303643,300,0,1,0),(801074,190554,0,0,0,1,1,3123.35,-6217.96,141.754,3.12932,0,0,0.999981,0.00613753,300,0,1,0),(801075,181143,0,0,0,1,1,3110.12,-6186.68,141.027,2.55479,0,0,0.957266,0.289208,300,0,1,0),(801076,190554,0,0,0,1,1,3109.69,-6185.84,141.027,2.60192,0,0,0.963814,0.266575,300,0,1,0),(801077,1165,0,0,0,1,1,3107.54,-6186.6,141.045,0.511179,0,0,0.252816,0.967514,300,0,1,0),(801078,83763,0,0,0,1,1,3108.32,-6187.91,141.028,1.59778,0,0,0.716581,0.697504,300,0,1,0),(801079,186827,0,0,0,1,1,3136.32,-6170.18,140.079,0.842221,0,0,0.408774,0.912636,300,0,1,0),(801080,210342,0,0,0,1,1,3131.65,-6170.54,139.991,1.66257,0,0,0.738799,0.673926,300,0,1,0),(801081,210342,0,0,0,1,1,3113.44,-6196.02,140.472,3.57541,0,0,0.976567,-0.215212,300,0,1,0),(801082,210342,0,0,0,1,1,3111.83,-6197.6,140.752,0.725204,0,0,0.354708,0.934977,300,0,1,0),(801083,210342,0,0,0,1,1,3110.86,-6199.67,141.125,1.02366,0,0,0.489771,0.871851,300,0,1,0),(801084,210342,0,0,0,1,1,3111.91,-6181.92,140.703,3.15601,0,0,0.999974,-0.00720773,300,0,1,0),(801085,210342,0,0,0,1,1,3112.03,-6184.61,143.566,2.91254,0,0,0.993449,0.114279,300,0,1,0),(801086,210342,0,0,0,1,1,3111.73,-6183.29,143.025,3.07943,0,0,0.999517,0.0310764,300,0,1,0),(801087,210342,0,0,0,1,1,3108.38,-6182.09,139.525,3.11241,0,0,0.999894,0.0145884,300,0,1,0),(801088,210342,0,0,0,1,1,3105.57,-6182.74,140.83,3.71482,0,0,0.959207,-0.282704,300,0,1,0),(801089,210342,0,0,0,1,1,3104.73,-6186.46,142.323,3.89153,0,0,0.930519,-0.366244,300,0,1,0),(801090,179670,0,0,0,1,1,3130.84,-6275.59,140.125,1.62368,0,0,0.725555,0.688164,300,0,1,0),(801091,179670,0,0,0,1,1,3128.55,-6271.44,140.12,1.41751,0,0,0.650891,0.759171,300,0,1,0),(801092,179670,0,0,0,1,1,3130.9,-6265.86,140.145,1.52158,0,0,0.689494,0.724292,300,0,1,0),(801093,179782,0,0,0,1,1,3149.57,-6215.89,140.761,5.23062,0,0,0.502324,-0.86468,300,0,1,0),(801094,179782,0,0,0,1,1,3180.72,-6079.15,201.163,0.415674,0,0,0.206344,0.97848,300,0,1,0);


DELETE FROM `game_event_gameobject` WHERE `guid` BETWEEN 800513 AND 801094;
INSERT INTO `game_event_gameobject` (`eventEntry`, `guid`) VALUES
(72,800513),
(72,800514),
(72,800515),
(72,800516),
(72,800517),
(72,800518),
(72,800519),
(72,800520),
(72,800521),
(72,800522),
(72,800523),
(72,800524),
(72,800525),
(72,800526),
(72,800527),
(72,800528),
(72,800529),
(72,800530),
(72,800531),
(72,800532),
(72,800533),
(72,800534),
(72,800535),
(72,800536),
(72,800537),
(72,800538),
(72,800539),
(72,800540),
(72,800541),
(72,800542),
(72,800543),
(72,800544),
(72,800545),
(72,800546),
(72,800547),
(72,800548),
(72,800549),
(72,800550),
(72,800551),
(72,800552),
(72,800553),
(72,800554),
(72,800555),
(72,800556),
(72,800557),
(72,800558),
(72,800559),
(72,800560),
(72,800561),
(72,800562),
(72,800563),
(72,800564),
(72,800565),
(72,800566),
(72,800567),
(72,800568),
(72,800569),
(72,800570),
(72,800571),
(72,800572),
(72,800573),
(72,800574),
(72,800575),
(72,800576),
(72,800577),
(72,800578),
(72,800579),
(72,800580),
(72,800581),
(72,800582),
(72,800583),
(72,800584),
(72,800585),
(72,800586),
(72,800587),
(72,800588),
(72,800589),
(72,800590),
(72,800591),
(72,800592),
(72,800593),
(72,800594),
(72,800595),
(72,800596),
(72,800597),
(72,800598),
(72,800599),
(72,800600),
(72,800601),
(72,800602),
(72,800603),
(72,800604),
(72,800605),
(72,800606),
(72,800607),
(72,800608),
(72,800609),
(72,800610),
(72,800611),
(72,800612),
(72,800613),
(72,800614),
(72,800615),
(72,800616),
(72,800617),
(72,800618),
(72,800619),
(72,800620),
(72,800621),
(72,800622),
(72,800623),
(72,800624),
(72,800625),
(72,800626),
(72,800627),
(72,800628),
(72,800629),
(72,800630),
(72,800631),
(72,800632),
(72,800633),
(72,800634),
(72,800635),
(72,800636),
(72,800637),
(72,800638),
(72,800639),
(72,800640),
(72,800641),
(72,800642),
(72,800643),
(72,800644),
(72,800645),
(72,800646),
(72,800647),
(72,800648),
(72,800649),
(72,800650),
(72,800651),
(72,800652),
(72,800653),
(72,800654),
(72,800655),
(72,800656),
(72,800657),
(72,800658),
(72,800659),
(72,800660),
(72,800661),
(72,800662),
(72,800663),
(72,800664),
(72,800665),
(72,800666),
(72,800667),
(72,800668),
(72,800669),
(72,800670),
(72,800671),
(72,800672),
(72,800673),
(72,800674),
(72,800675),
(72,800676),
(72,800677),
(72,800678),
(72,800679),
(72,800680),
(72,800681),
(72,800682),
(72,800683),
(72,800684),
(72,800685),
(72,800686),
(72,800687),
(72,800688),
(72,800689),
(72,800690),
(72,800691),
(72,800692),
(72,800693),
(72,800694),
(72,800695),
(72,800696),
(72,800697),
(72,800698),
(72,800699),
(72,800700),
(72,800701),
(72,800702),
(72,800703),
(72,800704),
(72,800705),
(72,800706),
(72,800707),
(72,800708),
(72,800709),
(72,800710),
(72,800711),
(72,800712),
(72,800713),
(72,800714),
(72,800715),
(72,800716),
(72,800717),
(72,800718),
(72,800719),
(72,800720),
(72,800721),
(72,800722),
(72,800723),
(72,800724),
(72,800725),
(72,800726),
(72,800727),
(72,800728),
(72,800729),
(72,800730),
(72,800731),
(72,800732),
(72,800733),
(72,800734),
(72,800735),
(72,800736),
(72,800737),
(72,800738),
(72,800739),
(72,800740),
(72,800741),
(72,800742),
(72,800743),
(72,800744),
(72,800745),
(72,800746),
(72,800747),
(72,800748),
(72,800749),
(72,800750),
(72,800751),
(72,800752),
(72,800753),
(72,800754),
(72,800755),
(72,800756),
(72,800757),
(72,800758),
(72,800759),
(72,800760),
(72,800761),
(72,800762),
(72,800763),
(72,800764),
(72,800765),
(72,800766),
(72,800767),
(72,800768),
(72,800769),
(72,800770),
(72,800771),
(72,800772),
(72,800773),
(72,800774),
(72,800775),
(72,800776),
(72,800777),
(72,800778),
(72,800779),
(72,800780),
(72,800781),
(72,800782),
(72,800783),
(72,800784),
(72,800785),
(72,800786),
(72,800787),
(72,800788),
(72,800789),
(72,800790),
(72,800791),
(72,800792),
(72,800793),
(72,800794),
(72,800795),
(72,800796),
(72,800797),
(72,800798),
(72,800799),
(72,800800),
(72,800801),
(72,800802),
(72,800803),
(72,800804),
(72,800805),
(72,800806),
(72,800807),
(72,800808),
(72,800809),
(72,800810),
(72,800811),
(72,800812),
(72,800813),
(72,800814),
(72,800815),
(72,800816),
(72,800817),
(72,800818),
(72,800819),
(72,800820),
(72,800821),
(72,800822),
(72,800823),
(72,800824),
(72,800825),
(72,800826),
(72,800827),
(72,800828),
(72,800829),
(72,800830),
(72,800831),
(72,800832),
(72,800833),
(72,800834),
(72,800835),
(72,800836),
(72,800837),
(72,800838),
(72,800839),
(72,800840),
(72,800841),
(72,800842),
(72,800843),
(72,800844),
(72,800845),
(72,800846),
(72,800847),
(72,800848),
(72,800849),
(72,800850),
(72,800851),
(72,800852),
(72,800853),
(72,800854),
(72,800855),
(72,800856),
(72,800857),
(72,800858),
(72,800859),
(72,800860),
(72,800861),
(72,800862),
(72,800863),
(72,800864),
(72,800865),
(72,800866),
(72,800867),
(72,800868),
(72,800869),
(72,800870),
(72,800871),
(72,800872),
(72,800873),
(72,800874),
(72,800875),
(72,800876),
(72,800877),
(72,800878),
(72,800879),
(72,800880),
(72,800881),
(72,800882),
(72,800883),
(72,800884),
(72,800885),
(72,800886),
(72,800887),
(72,800888),
(72,800889),
(72,800890),
(72,800891),
(72,800892),
(72,800893),
(72,800894),
(72,800895),
(72,800896),
(72,800897),
(72,800898),
(72,800899),
(72,800900),
(72,800901),
(72,800902),
(72,800903),
(72,800904),
(72,800905),
(72,800906),
(72,800907),
(72,800908),
(72,800909),
(72,800910),
(72,800911),
(72,800912),
(72,800913),
(72,800914),
(72,800915),
(72,800916),
(72,800917),
(72,800918),
(72,800919),
(72,800920),
(72,800921),
(72,800922),
(72,800923),
(72,800924),
(72,800925),
(72,800926),
(72,800927),
(72,800928),
(72,800929),
(72,800930),
(72,800931),
(72,800932),
(72,800933),
(72,800934),
(72,800935),
(72,800936),
(72,800937),
(72,800938),
(72,800939),
(72,800940),
(72,800941),
(72,800942),
(72,800943),
(72,800944),
(72,800945),
(72,800946),
(72,800947),
(72,800948),
(72,800949),
(72,800950),
(72,800951),
(72,800952),
(72,800953),
(72,800954),
(72,800955),
(72,800956),
(72,800957),
(72,800958),
(72,800959),
(72,800960),
(72,800961),
(72,800962),
(72,800963),
(72,800964),
(72,800965),
(72,800966),
(72,800967),
(72,800968),
(72,800969),
(72,800970),
(72,800971),
(72,800972),
(72,800973),
(72,800974),
(72,800975),
(72,800976),
(72,800977),
(72,800978),
(72,800979),
(72,800980),
(72,800981),
(72,800982),
(72,800983),
(72,800984),
(72,800985),
(72,800986),
(72,800987),
(72,800988),
(72,800989),
(72,800990),
(72,800991),
(72,800992),
(72,800993),
(72,800994),
(72,800995),
(72,800996),
(72,800997),
(72,800998),
(72,800999),
(72,801000),
(72,801001),
(72,801002),
(72,801003),
(72,801004),
(72,801005),
(72,801006),
(72,801007),
(72,801008),
(72,801009),
(72,801010),
(72,801011),
(72,801012),
(72,801013),
(72,801014),
(72,801015),
(72,801016),
(72,801017),
(72,801018),
(72,801019),
(72,801020),
(72,801021),
(72,801022),
(72,801023),
(72,801024),
(72,801025),
(72,801026),
(72,801027),
(72,801028),
(72,801029),
(72,801030),
(72,801031),
(72,801032),
(72,801033),
(72,801034),
(72,801035),
(72,801036),
(72,801037),
(72,801038),
(72,801039),
(72,801040),
(72,801041),
(72,801042),
(72,801043),
(72,801044),
(72,801045),
(72,801046),
(72,801047),
(72,801048),
(72,801049),
(72,801050),
(72,801051),
(72,801052),
(72,801053),
(72,801054),
(72,801055),
(72,801056),
(72,801057),
(72,801058),
(72,801059),
(72,801060),
(72,801061),
(72,801062),
(72,801063),
(72,801064),
(72,801065),
(72,801066),
(72,801067),
(72,801068),
(72,801069),
(72,801070),
(72,801071),
(72,801072),
(72,801073),
(72,801074),
(72,801075),
(72,801076),
(72,801077),
(72,801078),
(72,801079),
(72,801080),
(72,801081),
(72,801082),
(72,801083),
(72,801084),
(72,801085),
(72,801086),
(72,801087),
(72,801088),
(72,801089),
(72,801090),
(72,801091),
(72,801092),
(72,801093),
(72,801094);