/*Boss Exitares Schatten */
DELETE FROM `creature_loot_template` WHERE `Entry` = 800025;

REPLACE INTO `creature_loot_template` (`Entry`,`Item`,`Reference`, `Chance`, `QuestRequired`, `LootMode`, `GroupId`, `MinCount`, `MaxCount`)
VALUES (800025, 52006, 0, 1, 0, 1, 0, 1, 1); 
REPLACE INTO `creature_loot_template` (`Entry`,`Item`,`Reference`, `Chance`, `QuestRequired`, `LootMode`, `GroupId`, `MinCount`, `MaxCount`)
VALUES (800025, 38186, 0, 1, 0, 1, 0, 5, 20);


REPLACE INTO `creature_loot_template` (`Entry`,`Item`,`Reference`, `Chance`, `QuestRequired`, `LootMode`, `GroupId`, `MinCount`, `MaxCount`)
VALUES (800025, 32458, 0, 1, 0, 1, 1, 1, 1); 
REPLACE INTO `creature_loot_template` (`Entry`,`Item`,`Reference`, `Chance`, `QuestRequired`, `LootMode`, `GroupId`, `MinCount`, `MaxCount`)
VALUES (800025, 51955, 0, 1, 0, 1, 1, 1, 1); 
REPLACE INTO `creature_loot_template` (`Entry`,`Item`,`Reference`, `Chance`, `QuestRequired`, `LootMode`, `GroupId`, `MinCount`, `MaxCount`)
VALUES (800025, 45234, 0, 47, 0, 1, 1, 1, 1); 
REPLACE INTO `creature_loot_template` (`Entry`,`Item`,`Reference`, `Chance`, `QuestRequired`, `LootMode`, `GroupId`, `MinCount`, `MaxCount`)
VALUES (800025, 17203, 0, 1, 0, 1, 1, 1, 1); 
REPLACE INTO `creature_loot_template` (`Entry`,`Item`,`Reference`, `Chance`, `QuestRequired`, `LootMode`, `GroupId`, `MinCount`, `MaxCount`)
VALUES (800025, 37663, 0, 20, 0, 1, 1, 1, 1); 
REPLACE INTO `creature_loot_template` (`Entry`,`Item`,`Reference`, `Chance`, `QuestRequired`, `LootMode`, `GroupId`, `MinCount`, `MaxCount`)
VALUES (800025, 46963, 0, 30, 0, 1, 1, 1, 1); 


REPLACE INTO `creature_loot_template` (`Entry`,`Item`,`Reference`, `Chance`, `QuestRequired`, `LootMode`, `GroupId`, `MinCount`, `MaxCount`)
VALUES (800025, 45167, 0, 20, 0, 1, 2, 1, 1); 
REPLACE INTO `creature_loot_template` (`Entry`,`Item`,`Reference`, `Chance`, `QuestRequired`, `LootMode`, `GroupId`, `MinCount`, `MaxCount`)
VALUES (800025, 45165, 0, 20, 0, 1, 2, 1, 1); 
REPLACE INTO `creature_loot_template` (`Entry`,`Item`,`Reference`, `Chance`, `QuestRequired`, `LootMode`, `GroupId`, `MinCount`, `MaxCount`)
VALUES (800025, 45250, 0, 20, 0, 1, 2, 1, 1); 
REPLACE INTO `creature_loot_template` (`Entry`,`Item`,`Reference`, `Chance`, `QuestRequired`, `LootMode`, `GroupId`, `MinCount`, `MaxCount`)
VALUES (800025, 49827, 0, 20, 0, 1, 2, 1, 1); 
REPLACE INTO `creature_loot_template` (`Entry`,`Item`,`Reference`, `Chance`, `QuestRequired`, `LootMode`, `GroupId`, `MinCount`, `MaxCount`)
VALUES (800025, 49827, 0, 20, 0, 1, 2, 1, 1);


REPLACE INTO `creature_loot_template` (`Entry`,`Item`,`Reference`, `Chance`, `QuestRequired`, `LootMode`, `GroupId`, `MinCount`, `MaxCount`)
VALUES (800025, 45167, 0, 20, 0, 1, 3, 1, 1); 
REPLACE INTO `creature_loot_template` (`Entry`,`Item`,`Reference`, `Chance`, `QuestRequired`, `LootMode`, `GroupId`, `MinCount`, `MaxCount`)
VALUES (800025, 45165, 0, 20, 0, 1, 3, 1, 1); 
REPLACE INTO `creature_loot_template` (`Entry`,`Item`,`Reference`, `Chance`, `QuestRequired`, `LootMode`, `GroupId`, `MinCount`, `MaxCount`)
VALUES (800025, 45250, 0, 20, 0, 1, 3, 1, 1); 
REPLACE INTO `creature_loot_template` (`Entry`,`Item`,`Reference`, `Chance`, `QuestRequired`, `LootMode`, `GroupId`, `MinCount`, `MaxCount`)
VALUES (800025, 49827, 0, 20, 0, 1, 3, 1, 1); 
REPLACE INTO `creature_loot_template` (`Entry`,`Item`,`Reference`, `Chance`, `QuestRequired`, `LootMode`, `GroupId`, `MinCount`, `MaxCount`)
VALUES (800025, 49827, 0, 20, 0, 1, 3, 1, 1);
 


REPLACE INTO `creature`(`guid`,`id`,`map`,`spawnMask`,`phaseMask`,`modelid`,`equipment_id`,`position_x`,`position_y`,`position_z`,`orientation`,`spawntimesecs`,`spawndist`,`currentwaypoint`,`curhealth`,`curmana`,`MovementType`) VALUES 
('800025','800025','169','1','1','30790','-1','-485.77','3203.54','285.57','1.37','20000','0','0','1000000000','25000000','1');

REPLACE INTO `creature_template` (`entry`, `difficulty_entry_1`, `difficulty_entry_2`, `difficulty_entry_3`, `KillCredit1`, `KillCredit2`, `modelid1`, `modelid2`, `modelid3`, `modelid4`, `name`, `subname`, `IconName`, `gossip_menu_id`, `minlevel`, `maxlevel`, `exp`, `faction`,`npcflag`, `speed_walk`, `speed_run`, `scale`, `rank`, `dmgschool`, `BaseAttackTime`, `RangeAttackTime`, `unit_class`, `unit_flags`, `unit_flags2`, `dynamicflags`, `family`, `trainer_type`, `trainer_spell`, `trainer_class`, `trainer_race`, `type`, `type_flags`, `lootid`, `pickpocketloot`, `skinloot`, `resistance1`, `resistance2`, `resistance3`, `resistance4`, `resistance5`, `resistance6`, `spell1`, `spell2`, `spell3`, `spell4`, `spell5`, `spell6`, `spell7`, `spell8`, `PetSpellDataId`, `VehicleId`, `mingold`, `maxgold`, `AIName`, `MovementType`, `InhabitType`, `HoverHeight`, `RacialLeader`, `movementId`, `RegenHealth`, `mechanic_immune_mask`, `flags_extra`, `ScriptName`) 
VALUES ( /*  ID */ 800025,
  /*  Dificculty 1 */0,
 /* Dif2  */ 0,
  /*  Dif3 */0,
  /* KillCredit1  */0,
  /*  KillCredit2  */0,
  /* Modelid  */30790,
  /* Modelid2  */0,
  /* Modelid3   */0,
  /* Model4  */ 0,
 /* Name  */'Der Schatten',
  /*  Subname */'Abbild von Exitare',
  /*  Iconname */'',
  /* gossip_menu_id`  */0,
  /*  Min Level */83,
  /* Max Level  */83,
  /*  Exp */0,
  21,
  /*  npcflag Was ist er Questgeber oder weiteres? */0,
  /*  Speedwalk */2,
 /*  speedrun */ 2.14286,
  /*  scale */3,
  /*  rank  Normal, Elite?*/3,
  /*  dmgschool Normal Holy Fire? */0,
  /* BaseAttackTime`  */3000,
  /* RangeAttackTime`  */5000,
  /*  Welche Klasse? Krieger Pala, also Mana oder kein MAna? */0,
  /*  unit flag */0,
  /*  unit flags2  */0,
  /*  dynamicflag */0,
  /* Family  */0,
  /*  Trainer type */0,
  /*  trainer spell */0,
  /*  trainer class */0,
  /* trainer race  */7,
  /* type  */0,
  /* type flag  */ 0,
  /*  lootid */800025,
  /*  pickpocketloot` */0,
/*Skinloot*/ 0,  
  /* Restistance1  */300,
  /*   */300,
  /*   */300,
  /*   */300,
  /*   */300,
  /*  Resi 6*/300,
  /* spell1  */0, 
  /*   */0,
  /*   */0,
  /*   */0, 
  /*   */0, 
  /*   */0, 
  /*   */0, 
  /*  Spell8 */0, 
  /*  Petspelldataid */0, 
 /*   VehicleId` */ 0, 
  /* mingold`  */8000000, 
  /* MaxGold  */9000000, 
  /*  AiName */'',
  /*  Movement Type */1, 
  /*Inhabit Type   */1, 
  /*  Hoverheight */1, 
  /* Racial Leader  */0,
 /* movement id  */ 0, 
  /*  RegenHealth`` */1, 
  /*  mechanic_immune_mask` */617299839, 
  /*  flags_extra` */0, 
  /* Scriptname  */'exitare');
UPDATE `creature_template` SET `HealthModifier`='1800', `ArmorModifier`='50', `DamageModifier`='120' WHERE `entry`='800025';

  
  
  /*Boeser Orig */

DELETE FROM `creature_loot_template` WHERE `entry` = 800010;
REPLACE INTO `creature_loot_template` (`Entry`,`Item`,`Reference`, `Chance`, `QuestRequired`, `LootMode`, `GroupId`, `MinCount`, `MaxCount`)
VALUES (800010, 52006, 0, 1, 0, 1, 0, 1, 1); 
REPLACE INTO `creature_loot_template` (`Entry`,`Item`,`Reference`, `Chance`, `QuestRequired`, `LootMode`, `GroupId`, `MinCount`, `MaxCount`)
VALUES (800010, 38186, 0, 5, 0, 1, 0, 1, 4); 

REPLACE INTO `creature_loot_template` (`Entry`,`Item`,`Reference`, `Chance`, `QuestRequired`, `LootMode`, `GroupId`, `MinCount`, `MaxCount`)
VALUES (800010, 45522, 0, 12.5, 0, 1, 1, 1, 1); 
REPLACE INTO `creature_loot_template` (`Entry`,`Item`,`Reference`, `Chance`, `QuestRequired`, `LootMode`, `GroupId`, `MinCount`, `MaxCount`)
VALUES (800010, 45466, 0, 12.5, 0, 1, 1, 1, 1); 
REPLACE INTO `creature_loot_template` (`Entry`,`Item`,`Reference`, `Chance`, `QuestRequired`, `LootMode`, `GroupId`, `MinCount`, `MaxCount`)
VALUES (800010, 45609, 0, 12.5, 0, 1, 1, 1, 1); 
REPLACE INTO `creature_loot_template` (`Entry`,`Item`,`Reference`, `Chance`, `QuestRequired`, `LootMode`, `GroupId`, `MinCount`, `MaxCount`)
VALUES (800010, 45263, 0, 12.5, 0, 1, 1, 1, 1); 
REPLACE INTO `creature_loot_template` (`Entry`,`Item`,`Reference`, `Chance`, `QuestRequired`, `LootMode`, `GroupId`, `MinCount`, `MaxCount`)
VALUES (800010, 45158, 0, 12.5, 0, 1, 1, 1, 1); 
REPLACE INTO `creature_loot_template` (`Entry`,`Item`,`Reference`, `Chance`, `QuestRequired`, `LootMode`, `GroupId`, `MinCount`, `MaxCount`)
VALUES (800010, 45148, 0, 12.5, 0, 1, 1, 1, 1); 
REPLACE INTO `creature_loot_template` (`Entry`,`Item`,`Reference`, `Chance`, `QuestRequired`, `LootMode`, `GroupId`, `MinCount`, `MaxCount`)
VALUES (800010, 49463, 0, 12.5, 0, 1, 1, 1, 1); 
REPLACE INTO `creature_loot_template` (`Entry`,`Item`,`Reference`, `Chance`, `QuestRequired`, `LootMode`, `GroupId`, `MinCount`, `MaxCount`)
VALUES (800010, 49310, 0, 12.5, 0, 1, 1, 1, 1); 

REPLACE INTO `creature_loot_template` (`Entry`,`Item`,`Reference`, `Chance`, `QuestRequired`, `LootMode`, `GroupId`, `MinCount`, `MaxCount`)
VALUES (800010, 38175, 0, 5, 0, 1, 2, 1, 1); 
REPLACE INTO `creature_loot_template` (`Entry`,`Item`,`Reference`, `Chance`, `QuestRequired`, `LootMode`, `GroupId`, `MinCount`, `MaxCount`)
VALUES (800010, 46767, 0, 5, 0, 1, 2, 1, 1); 




REPLACE INTO `creature`(`guid`,`id`,`map`,`spawnMask`,`phaseMask`,`modelid`,`equipment_id`,`position_x`,`position_y`,`position_z`,`orientation`,`spawntimesecs`,`spawndist`,`currentwaypoint`,`curhealth`,`curmana`,`MovementType`) VALUES 
('800010','800010','169','1','1','3597','0','-2973.02','-1270.08','127.02','6.27','20000','0','0','100000000','250000','1');

REPLACE INTO `creature_template` (`entry`, `difficulty_entry_1`, `difficulty_entry_2`, `difficulty_entry_3`, `KillCredit1`, `KillCredit2`, `modelid1`, `modelid2`, `modelid3`, `modelid4`, `name`, `subname`, `IconName`, `gossip_menu_id`, `minlevel`, `maxlevel`, `exp`, `faction`,`npcflag`, `speed_walk`, `speed_run`, `scale`, `rank`, `dmgschool`, `BaseAttackTime`, `RangeAttackTime`, `unit_class`, `unit_flags`, `unit_flags2`, `dynamicflags`, `family`, `trainer_type`, `trainer_spell`, `trainer_class`, `trainer_race`, `type`, `type_flags`, `lootid`, `pickpocketloot`, `skinloot`, `resistance1`, `resistance2`, `resistance3`, `resistance4`, `resistance5`, `resistance6`, `spell1`, `spell2`, `spell3`, `spell4`, `spell5`, `spell6`, `spell7`, `spell8`, `PetSpellDataId`, `VehicleId`, `mingold`, `maxgold`, `AIName`, `MovementType`, `InhabitType`, `HoverHeight`, `RacialLeader`, `movementId`, `RegenHealth`, `mechanic_immune_mask`, `flags_extra`, `ScriptName`) 
VALUES ( /*  ID */ 800010,
  /*  Dificculty 1 */0,
 /* Dif2  */ 0,
  /*  Dif3 */0,
  /* KillCredit1  */0,
  /*  KillCredit2  */0,
  /* Modelid  */3597,
  /* Modelid2  */0,
  /* Modelid3   */0,
  /* Model4  */ 0,
 /* Name  */'Johann Orrig',
  /*  Subname */'Der dunkle Schatten',
  /*  Iconname */'',
  /* gossip_menu_id`  */800010,
  /*  Min Level */83,
  /* Max Level  */83,
  /*  Exp */0,
  21,
  /*  npcflag Was ist er Questgeber oder weiteres? */0,
  /*  Speedwalk */2,
 /*  speedrun */ 2.14286,
  /*  scale */3,
  /*  rank  Normal, Elite?*/3,
  /*  dmgschool Normal Holy Fire? */0,
  /* BaseAttackTime`  */1000,
  /* RangeAttackTime`  */2000,
  /*  Welche Klasse? Krieger Pala, also Mana oder kein MAna? */0,
  /*  unit flag */4104,
  /*  unit flags2  */0,
  /*  dynamicflag */0,
  /* Family  */0,
  /*  Trainer type */0,
  /*  trainer spell */0,
  /*  trainer class */0,
  /* trainer race  */7,
  /* type  */0,
  /* type flag  */ 0,
  /*  lootid */800010,
  /*  pickpocketloot` */0,
/*Skinloot*/ 0,  
  /* Restistance1  */100,
  /*   */100,
  /*   */100,
  /*   */100,
  /*   */100,
  /*  Resi 6*/100,
  /* spell1  */0, 
  /*   */0,
  /*   */0,
  /*   */0, 
  /*   */0, 
  /*   */0, 
  /*   */0, 
  /*  Spell8 */0, 
  /*  Petspelldataid */0, 
 /*   VehicleId` */ 0, 
  /* mingold`  */5000000, 
  /* MaxGold  */10000000, 
  /*  AiName */'',
  /*  Movement Type */1, 
  /*Inhabit Type   */1, 
  /*  Hoverheight */1, 
  /* Racial Leader  */0,
 /* movement id  */ 0, 
  /*  RegenHealth`` */1, 
  /*  mechanic_immune_mask` */617299839, 
  /*  flags_extra` */0, 
  /* Scriptname  */'orrig');
UPDATE `creature_template` SET `HealthModifier`='300', `ArmorModifier`='50', `DamageModifier`='80' WHERE `entry`='800010';

  
  
DELETE FROM `creature_text` WHERE `entry`=800010;
REPLACE INTO `creature_text` (`entry`,`groupid`,`id`,`text`,`type`,`language`,`probability`,`emote`,`duration`,`sound`,`comment`) VALUES (800010,1,0,'Ihr Verraeter. Exitare sollte getoetet werden und nicht ich! Ich werde mich raechen!',14,0,100,1,0,17457,'Comment');
REPLACE INTO `creature_text` (`entry`,`groupid`,`id`,`text`,`type`,`language`,`probability`,`emote`,`duration`,`sound`,`comment`) VALUES (800010,2,0,'Ich bin unbesiebar. Niemand wird mich toeten. Flieht vor Furcht!!',14,0,100,1,0,17458,'Comment');
REPLACE INTO `creature_text` (`entry`,`groupid`,`id`,`text`,`type`,`language`,`probability`,`emote`,`duration`,`sound`,`comment`) VALUES (800010,3,0,'Ihr werdet es bereuen!',14,0,100,1,0,17459,'Comment');
REPLACE INTO `creature_text` (`entry`,`groupid`,`id`,`text`,`type`,`language`,`probability`,`emote`,`duration`,`sound`,`comment`) VALUES (800010,4,0,'Es wird nicht reichen mich zu toeten!',14,0,100,1,0,17460,'Comment');
REPLACE INTO `creature_text` (`entry`,`groupid`,`id`,`text`,`type`,`language`,`probability`,`emote`,`duration`,`sound`,`comment`) VALUES (800010,7,0,'Ich .... kann ...nicht tot sein. Arrgh Ich komme wieder!',14,0,100,1,0,17460,'Comment');
REPLACE INTO `creature_text` (`entry`,`groupid`,`id`,`text`,`type`,`language`,`probability`,`emote`,`duration`,`sound`,`comment`) VALUES (800010,5,0,'Phase 1',41,0,100,1,0,0,'Comment');
REPLACE INTO `creature_text` (`entry`,`groupid`,`id`,`text`,`type`,`language`,`probability`,`emote`,`duration`,`sound`,`comment`) VALUES (800010,6,0,'Phase 2',41,0,100,1,0,0,'Comment');

-- Zahib

INSERT INTO `creature_template` (`entry`, `difficulty_entry_1`, `difficulty_entry_2`, `difficulty_entry_3`, `KillCredit1`, `KillCredit2`, `modelid1`, `modelid2`, `modelid3`, `modelid4`, `name`, `subname`, `IconName`, `gossip_menu_id`, `minlevel`, `maxlevel`, `exp`, `faction`, `npcflag`, `speed_walk`, `speed_run`, `scale`, `rank`, `dmgschool`, `BaseAttackTime`, `RangeAttackTime`, `BaseVariance`, `RangeVariance`, `unit_class`, `unit_flags`, `unit_flags2`, `dynamicflags`, `family`, `trainer_type`, `trainer_spell`, `trainer_class`, `trainer_race`, `type`, `type_flags`, `lootid`, `pickpocketloot`, `skinloot`, `resistance1`, `resistance2`, `resistance3`, `resistance4`, `resistance5`, `resistance6`, `spell1`, `spell2`, `spell3`, `spell4`, `spell5`, `spell6`, `spell7`, `spell8`, `PetSpellDataId`, `VehicleId`, `mingold`, `maxgold`, `AIName`, `MovementType`, `InhabitType`, `HoverHeight`, `HealthModifier`, `ManaModifier`, `ArmorModifier`, `DamageModifier`, `ExperienceModifier`, `RacialLeader`, `movementId`, `RegenHealth`, `mechanic_immune_mask`, `flags_extra`, `ScriptName`, `VerifiedBuild`) VALUES
(400401, 0, 0, 0, 0, 0, 11380, 0, 0, 0, 'Zahib', 'Der Gruft Drache', '', 0, 82, 82, 2, 16, 0, 1, 1.5, 2, 3, 0, 2000, 2000, 1, 1, 1, 0, 2048, 8, 0, 0, 0, 0, 0, 4, 0, 0, 0, 0, 50, 50, 50, 50, 50, 50, 0, 0, 0, 0, 0, 0, 0, 0, 0, 0, 4000000, 4000000, 'SmartAI', 0, 1, 1, 380, 50, 5, 6, 1, 0, 0, 1, 618348543, 0, '', 0);

DELETE FROM `creature_text` WHERE `entry`=400400;
INSERT INTO `creature_text` (`entry`,`groupid`,`id`,`text`,`type`,`language`,`probability`,`emote`,`duration`,`sound`,`comment`) VALUES (400400,1,0,'Fressen Werde ich euch Alle...',14,0,100,1,0,17457,'Comment');
INSERT INTO `creature_text` (`entry`,`groupid`,`id`,`text`,`type`,`language`,`probability`,`emote`,`duration`,`sound`,`comment`) VALUES (400400,2,0,'Mich bezwingen......werdet ihr niemals...........Versucht euer Glück!',14,0,100,1,0,17458,'Comment');
INSERT INTO `creature_text` (`entry`,`groupid`,`id`,`text`,`type`,`language`,`probability`,`emote`,`duration`,`sound`,`comment`) VALUES (400400,3,0,'Ihr Seit nicht Auserwählt!',14,0,100,1,0,17459,'Comment');
INSERT INTO `creature_text` (`entry`,`groupid`,`id`,`text`,`type`,`language`,`probability`,`emote`,`duration`,`sound`,`comment`) VALUES (400400,4,0,'Nein! Nein! Nein!......Unglaublich aber ich bin einer der Sieben alle werdet ihr nicht schaffen!!',14,0,100,1,0,17460,'Comment');
INSERT INTO `creature_text` (`entry`,`groupid`,`id`,`text`,`type`,`language`,`probability`,`emote`,`duration`,`sound`,`comment`) VALUES (400400,5,0,'Phase 1',41,0,100,1,0,0,'Comment');
INSERT INTO `creature_text` (`entry`,`groupid`,`id`,`text`,`type`,`language`,`probability`,`emote`,`duration`,`sound`,`comment`) VALUES (400400,6,0,'Phase 2',41,0,100,1,0,0,'Comment');

SET @ENTRY := 400401;
SET @SOURCETYPE := 0;

DELETE FROM `smart_scripts` WHERE `entryorguid`=@ENTRY AND `source_type`=@SOURCETYPE;
UPDATE creature_template SET AIName="SmartAI" WHERE entry=@ENTRY LIMIT 1;
INSERT INTO `smart_scripts` (`entryorguid`,`source_type`,`id`,`link`,`event_type`,`event_phase_mask`,`event_chance`,`event_flags`,`event_param1`,`event_param2`,`event_param3`,`event_param4`,`action_type`,`action_param1`,`action_param2`,`action_param3`,`action_param4`,`action_param5`,`action_param6`,`target_type`,`target_param1`,`target_param2`,`target_param3`,`target_x`,`target_y`,`target_z`,`target_o`,`comment`) VALUES 
(@ENTRY,@SOURCETYPE,0,0,2,0,100,0,90,100,12000,13000,11,46589,0,0,0,0,0,5,0,0,0,0.0,0.0,0.0,0.0,"SHADOW_SPIKE"),
(@ENTRY,@SOURCETYPE,2,0,2,0,100,0,75,80,10000,13000,11,68950,0,0,0,0,0,5,0,0,0,0.0,0.0,0.0,0.0,"FEAR"),
(@ENTRY,@SOURCETYPE,3,0,2,0,100,1,60,70,0,0,11,8269,0,0,0,0,0,5,0,0,0,0.0,0.0,0.0,0.0,"FRENZY"),
(@ENTRY,@SOURCETYPE,4,0,2,0,100,0,50,60,7000,8000,11,33665,0,0,0,0,0,5,0,0,0,0.0,0.0,0.0,0.0,"CHAIN_LIGHTNING"),
(@ENTRY,@SOURCETYPE,5,0,2,0,100,1,40,50,0,0,11,71049,0,0,0,0,0,5,0,0,0,0.0,0.0,0.0,0.0,"BLISTERING_COLD"),
(@ENTRY,@SOURCETYPE,8,0,2,0,100,0,10,20,6000,7000,11,40827,0,0,0,0,0,5,0,0,0,0.0,0.0,0.0,0.0,"SINBEAM"),
(@ENTRY,@SOURCETYPE,10,0,2,0,100,1,1,10,0,0,11,68335,2,0,0,0,0,1,0,0,0,0.0,0.0,0.0,0.0,"Enrage at 10%"),
(@ENTRY,@SOURCETYPE,11,0,2,0,100,0,80,90,10000,13000,11,5649,0,0,0,0,0,5,0,0,0,0.0,0.0,0.0,0.0,"Stunning Blast "),
(@ENTRY,@SOURCETYPE,12,0,2,0,100,1,30,40,0,0,11,2565,2,0,0,0,0,5,0,0,0,0.0,0.0,0.0,0.0,"Shield Block"),
(@ENTRY,@SOURCETYPE,13,0,2,0,100,0,1,10,9000,10000,11,26607,0,0,0,0,0,5,0,0,0,0.0,0.0,0.0,0.0,"BLIZZARD"),
(@ENTRY,@SOURCETYPE,14,0,2,0,100,1,60,95,0,0,1,1,0,0,0,0,0,2,0,0,0,0.0,0.0,0.0,0.0,"Yell 1"),
(@ENTRY,@SOURCETYPE,15,0,2,0,100,1,40,55,0,0,1,2,0,0,0,0,0,2,0,0,0,0.0,0.0,0.0,0.0,"Yell 2"),
(@ENTRY,@SOURCETYPE,16,0,2,0,100,1,20,30,0,0,1,3,0,0,0,0,0,2,0,0,0,0.0,0.0,0.0,0.0,"Yell 3"),
(@ENTRY,@SOURCETYPE,17,0,2,0,100,1,1,5,0,0,1,4,0,0,0,0,0,2,0,0,0,0.0,0.0,0.0,0.0,"Yell 4"),
(@ENTRY,@SOURCETYPE,18,0,2,0,100,1,90,100,0,0,11,40585,0,0,0,0,0,5,0,0,0,0.0,0.0,0.0,0.0,"Dark Barrage"),
(@ENTRY,@SOURCETYPE,19,0,2,0,100,0,80,87,12000,13000,11,21066,0,0,0,0,0,5,0,0,0,0.0,0.0,0.0,0.0,"Void Bolt"),
(@ENTRY,@SOURCETYPE,20,0,2,0,100,1,70,80,0,0,11,59971,0,0,0,0,0,5,0,0,0,0.0,0.0,0.0,0.0,"Rain of Fire"),
(@ENTRY,@SOURCETYPE,21,0,2,0,100,1,60,70,15000,18000,11,40904,0,0,0,0,0,5,0,0,0,0.0,0.0,0.0,0.0,"Draw Soul"),
(@ENTRY,@SOURCETYPE,22,0,2,0,100,0,50,60,8000,9000,11,41131,0,0,0,0,0,5,0,0,0,0.0,0.0,0.0,0.0,"Flame Burst"),
(@ENTRY,@SOURCETYPE,23,0,2,0,100,0,40,50,13000,15000,11,41545,0,0,0,0,0,5,0,0,0,0.0,0.0,0.0,0.0,"Soul Scream"),
(@ENTRY,@SOURCETYPE,24,0,2,0,100,1,55,100,0,0,1,5,1,0,0,0,0,2,0,0,0,0.0,0.0,0.0,0.0,"Emote 5"),
(@ENTRY,@SOURCETYPE,25,0,2,0,100,1,1,50,0,0,1,6,1,0,0,0,0,2,0,0,0,0.0,0.0,0.0,0.0,"Emote 6"),
(@ENTRY,@SOURCETYPE,27,0,2,0,100,0,25,35,8000,9000,11,42052,0,0,0,0,0,5,0,0,0,0.0,0.0,0.0,0.0,"Volcanic Geyser"),
(@ENTRY,@SOURCETYPE,28,0,2,0,100,0,20,30,8000,9000,11,56431,0,0,0,0,0,5,0,0,0,0.0,0.0,0.0,0.0,"Arcane Bomb");

-- Thalnos

INSERT INTO `creature_template` (`entry`, `difficulty_entry_1`, `difficulty_entry_2`, `difficulty_entry_3`, `KillCredit1`, `KillCredit2`, `modelid1`, `modelid2`, `modelid3`, `modelid4`, `name`, `subname`, `IconName`, `gossip_menu_id`, `minlevel`, `maxlevel`, `exp`, `faction`, `npcflag`, `speed_walk`, `speed_run`, `scale`, `rank`, `dmgschool`, `BaseAttackTime`, `RangeAttackTime`, `BaseVariance`, `RangeVariance`, `unit_class`, `unit_flags`, `unit_flags2`, `dynamicflags`, `family`, `trainer_type`, `trainer_spell`, `trainer_class`, `trainer_race`, `type`, `type_flags`, `lootid`, `pickpocketloot`, `skinloot`, `resistance1`, `resistance2`, `resistance3`, `resistance4`, `resistance5`, `resistance6`, `spell1`, `spell2`, `spell3`, `spell4`, `spell5`, `spell6`, `spell7`, `spell8`, `PetSpellDataId`, `VehicleId`, `mingold`, `maxgold`, `AIName`, `MovementType`, `InhabitType`, `HoverHeight`, `HealthModifier`, `ManaModifier`, `ArmorModifier`, `DamageModifier`, `ExperienceModifier`, `RacialLeader`, `movementId`, `RegenHealth`, `mechanic_immune_mask`, `flags_extra`, `ScriptName`, `VerifiedBuild`) VALUES
(400402, 0, 0, 0, 0, 0, 11396, 0, 0, 0, 'Thalnos', 'Der Skelettmagier', '', 0, 82, 82, 2, 16, 0, 1, 1.5, 2, 1, 0, 2000, 2000, 1, 1, 1, 0, 2048, 8, 0, 0, 0, 0, 0, 4, 0, 0, 0, 0, 50, 50, 50, 50, 50, 50, 0, 0, 0, 0, 0, 0, 0, 0, 0, 0, 4500000, 4500000, 'SmartAI', 0, 1, 1, 380, 50, 5, 6, 1, 0, 0, 1, 618348543, 0, '', 0);

DELETE FROM `creature_text` WHERE `entry`=400400;
INSERT INTO `creature_text` (`entry`,`groupid`,`id`,`text`,`type`,`language`,`probability`,`emote`,`duration`,`sound`,`comment`) VALUES (400400,1,0,'Ihr seit wirklich an Meinen ersten kompanen vorbei gekommen ',14,0,100,1,0,17457,'Comment');
INSERT INTO `creature_text` (`entry`,`groupid`,`id`,`text`,`type`,`language`,`probability`,`emote`,`duration`,`sound`,`comment`) VALUES (400400,2,0,'Aber hier ist schluss !',14,0,100,1,0,17458,'Comment');
INSERT INTO `creature_text` (`entry`,`groupid`,`id`,`text`,`type`,`language`,`probability`,`emote`,`duration`,`sound`,`comment`) VALUES (400400,3,0,'Ich lasse euch nicht vorbei !',14,0,100,1,0,17459,'Comment');
INSERT INTO `creature_text` (`entry`,`groupid`,`id`,`text`,`type`,`language`,`probability`,`emote`,`duration`,`sound`,`comment`) VALUES (400400,4,0,'Ihr habt auch mich bezwungen das kann nicht war sein !!',14,0,100,1,0,17460,'Comment');
INSERT INTO `creature_text` (`entry`,`groupid`,`id`,`text`,`type`,`language`,`probability`,`emote`,`duration`,`sound`,`comment`) VALUES (400400,5,0,'Phase 1',41,0,100,1,0,0,'Comment');
INSERT INTO `creature_text` (`entry`,`groupid`,`id`,`text`,`type`,`language`,`probability`,`emote`,`duration`,`sound`,`comment`) VALUES (400400,6,0,'Phase 2',41,0,100,1,0,0,'Comment');

SET @ENTRY := 400402;
SET @SOURCETYPE := 0;

DELETE FROM `smart_scripts` WHERE `entryorguid`=@ENTRY AND `source_type`=@SOURCETYPE;
UPDATE creature_template SET AIName="SmartAI" WHERE entry=@ENTRY LIMIT 1;
INSERT INTO `smart_scripts` (`entryorguid`,`source_type`,`id`,`link`,`event_type`,`event_phase_mask`,`event_chance`,`event_flags`,`event_param1`,`event_param2`,`event_param3`,`event_param4`,`action_type`,`action_param1`,`action_param2`,`action_param3`,`action_param4`,`action_param5`,`action_param6`,`target_type`,`target_param1`,`target_param2`,`target_param3`,`target_x`,`target_y`,`target_z`,`target_o`,`comment`) VALUES 
(@ENTRY,@SOURCETYPE,0,0,2,0,100,0,90,100,12000,13000,11,46589,0,0,0,0,0,5,0,0,0,0.0,0.0,0.0,0.0,"SHADOW_SPIKE"),
(@ENTRY,@SOURCETYPE,2,0,2,0,100,0,75,80,10000,13000,11,68950,0,0,0,0,0,5,0,0,0,0.0,0.0,0.0,0.0,"FEAR"),
(@ENTRY,@SOURCETYPE,3,0,2,0,100,1,60,70,0,0,11,8269,0,0,0,0,0,5,0,0,0,0.0,0.0,0.0,0.0,"FRENZY"),
(@ENTRY,@SOURCETYPE,4,0,2,0,100,0,50,60,7000,8000,11,33665,0,0,0,0,0,5,0,0,0,0.0,0.0,0.0,0.0,"CHAIN_LIGHTNING"),
(@ENTRY,@SOURCETYPE,5,0,2,0,100,1,40,50,0,0,11,71049,0,0,0,0,0,5,0,0,0,0.0,0.0,0.0,0.0,"BLISTERING_COLD"),
(@ENTRY,@SOURCETYPE,8,0,2,0,100,0,10,20,6000,7000,11,40827,0,0,0,0,0,5,0,0,0,0.0,0.0,0.0,0.0,"SINBEAM"),
(@ENTRY,@SOURCETYPE,10,0,2,0,100,1,1,10,0,0,11,68335,2,0,0,0,0,1,0,0,0,0.0,0.0,0.0,0.0,"Enrage at 10%"),
(@ENTRY,@SOURCETYPE,11,0,2,0,100,0,80,90,10000,13000,11,5649,0,0,0,0,0,5,0,0,0,0.0,0.0,0.0,0.0,"Stunning Blast "),
(@ENTRY,@SOURCETYPE,12,0,2,0,100,1,30,40,0,0,11,2565,2,0,0,0,0,5,0,0,0,0.0,0.0,0.0,0.0,"Shield Block"),
(@ENTRY,@SOURCETYPE,13,0,2,0,100,0,1,10,9000,10000,11,26607,0,0,0,0,0,5,0,0,0,0.0,0.0,0.0,0.0,"BLIZZARD"),
(@ENTRY,@SOURCETYPE,14,0,2,0,100,1,60,95,0,0,1,1,0,0,0,0,0,2,0,0,0,0.0,0.0,0.0,0.0,"Yell 1"),
(@ENTRY,@SOURCETYPE,15,0,2,0,100,1,40,55,0,0,1,2,0,0,0,0,0,2,0,0,0,0.0,0.0,0.0,0.0,"Yell 2"),
(@ENTRY,@SOURCETYPE,16,0,2,0,100,1,20,30,0,0,1,3,0,0,0,0,0,2,0,0,0,0.0,0.0,0.0,0.0,"Yell 3"),
(@ENTRY,@SOURCETYPE,17,0,2,0,100,1,1,5,0,0,1,4,0,0,0,0,0,2,0,0,0,0.0,0.0,0.0,0.0,"Yell 4"),
(@ENTRY,@SOURCETYPE,18,0,2,0,100,1,90,100,0,0,11,40585,0,0,0,0,0,5,0,0,0,0.0,0.0,0.0,0.0,"Dark Barrage"),
(@ENTRY,@SOURCETYPE,19,0,2,0,100,0,80,87,12000,13000,11,21066,0,0,0,0,0,5,0,0,0,0.0,0.0,0.0,0.0,"Void Bolt"),
(@ENTRY,@SOURCETYPE,20,0,2,0,100,1,70,80,0,0,11,59971,0,0,0,0,0,5,0,0,0,0.0,0.0,0.0,0.0,"Rain of Fire"),
(@ENTRY,@SOURCETYPE,21,0,2,0,100,1,60,70,15000,18000,11,40904,0,0,0,0,0,5,0,0,0,0.0,0.0,0.0,0.0,"Draw Soul"),
(@ENTRY,@SOURCETYPE,22,0,2,0,100,0,50,60,8000,9000,11,41131,0,0,0,0,0,5,0,0,0,0.0,0.0,0.0,0.0,"Flame Burst"),
(@ENTRY,@SOURCETYPE,23,0,2,0,100,0,40,50,13000,15000,11,41545,0,0,0,0,0,5,0,0,0,0.0,0.0,0.0,0.0,"Soul Scream"),
(@ENTRY,@SOURCETYPE,24,0,2,0,100,1,55,100,0,0,1,5,1,0,0,0,0,2,0,0,0,0.0,0.0,0.0,0.0,"Emote 5"),
(@ENTRY,@SOURCETYPE,25,0,2,0,100,1,1,50,0,0,1,6,1,0,0,0,0,2,0,0,0,0.0,0.0,0.0,0.0,"Emote 6"),
(@ENTRY,@SOURCETYPE,27,0,2,0,100,0,25,35,8000,9000,11,42052,0,0,0,0,0,5,0,0,0,0.0,0.0,0.0,0.0,"Volcanic Geyser"),
(@ENTRY,@SOURCETYPE,28,0,2,0,100,0,20,30,8000,9000,11,56431,0,0,0,0,0,5,0,0,0,0.0,0.0,0.0,0.0,"Arcane Bomb");

-- Cadush

INSERT INTO `creature_template` (`entry`, `difficulty_entry_1`, `difficulty_entry_2`, `difficulty_entry_3`, `KillCredit1`, `KillCredit2`, `modelid1`, `modelid2`, `modelid3`, `modelid4`, `name`, `subname`, `IconName`, `gossip_menu_id`, `minlevel`, `maxlevel`, `exp`, `faction`, `npcflag`, `speed_walk`, `speed_run`, `scale`, `rank`, `dmgschool`, `BaseAttackTime`, `RangeAttackTime`, `BaseVariance`, `RangeVariance`, `unit_class`, `unit_flags`, `unit_flags2`, `dynamicflags`, `family`, `trainer_type`, `trainer_spell`, `trainer_class`, `trainer_race`, `type`, `type_flags`, `lootid`, `pickpocketloot`, `skinloot`, `resistance1`, `resistance2`, `resistance3`, `resistance4`, `resistance5`, `resistance6`, `spell1`, `spell2`, `spell3`, `spell4`, `spell5`, `spell6`, `spell7`, `spell8`, `PetSpellDataId`, `VehicleId`, `mingold`, `maxgold`, `AIName`, `MovementType`, `InhabitType`, `HoverHeight`, `HealthModifier`, `ManaModifier`, `ArmorModifier`, `DamageModifier`, `ExperienceModifier`, `RacialLeader`, `movementId`, `RegenHealth`, `mechanic_immune_mask`, `flags_extra`, `ScriptName`, `VerifiedBuild`) VALUES
(400403, 0, 0, 0, 0, 0, 21490, 0, 0, 0, 'Cadush', 'Die Wache', '', 0, 82, 82, 2, 16, 0, 1, 1.5, 2, 3, 0, 2000, 2000, 1, 1, 1, 0, 2048, 8, 0, 0, 0, 0, 0, 4, 0, 0, 0, 0, 50, 50, 50, 50, 50, 50, 0, 0, 0, 0, 0, 0, 0, 0, 0, 0, 3000000, 3000000, 'SmartAI', 0, 1, 1, 380, 50, 5, 6, 1, 0, 0, 1, 618348543, 0, '', 0);

DELETE FROM `creature_text` WHERE `entry`=400400;
INSERT INTO `creature_text` (`entry`,`groupid`,`id`,`text`,`type`,`language`,`probability`,`emote`,`duration`,`sound`,`comment`) VALUES (400400,1,0,'So weit seit ihr nun gekommen Jetzt reiße ich euch die maske vom Gesicht ...',14,0,100,1,0,17457,'Comment');
INSERT INTO `creature_text` (`entry`,`groupid`,`id`,`text`,`type`,`language`,`probability`,`emote`,`duration`,`sound`,`comment`) VALUES (400400,2,0,'Euer weg endet hier !!',14,0,100,1,0,17458,'Comment');
INSERT INTO `creature_text` (`entry`,`groupid`,`id`,`text`,`type`,`language`,`probability`,`emote`,`duration`,`sound`,`comment`) VALUES (400400,3,0,'Habt ihr euch das gut überlegt?!',14,0,100,1,0,17459,'Comment');
INSERT INTO `creature_text` (`entry`,`groupid`,`id`,`text`,`type`,`language`,`probability`,`emote`,`duration`,`sound`,`comment`) VALUES (400400,4,0,'Verdammt ihr habt es wirklich geschaft !!!',14,0,100,1,0,17460,'Comment');
INSERT INTO `creature_text` (`entry`,`groupid`,`id`,`text`,`type`,`language`,`probability`,`emote`,`duration`,`sound`,`comment`) VALUES (400400,5,0,'Phase 1',41,0,100,1,0,0,'Comment');
INSERT INTO `creature_text` (`entry`,`groupid`,`id`,`text`,`type`,`language`,`probability`,`emote`,`duration`,`sound`,`comment`) VALUES (400400,6,0,'Phase 2',41,0,100,1,0,0,'Comment');

SET @ENTRY := 400403;
SET @SOURCETYPE := 0;

DELETE FROM `smart_scripts` WHERE `entryorguid`=@ENTRY AND `source_type`=@SOURCETYPE;
UPDATE creature_template SET AIName="SmartAI" WHERE entry=@ENTRY LIMIT 1;
INSERT INTO `smart_scripts` (`entryorguid`,`source_type`,`id`,`link`,`event_type`,`event_phase_mask`,`event_chance`,`event_flags`,`event_param1`,`event_param2`,`event_param3`,`event_param4`,`action_type`,`action_param1`,`action_param2`,`action_param3`,`action_param4`,`action_param5`,`action_param6`,`target_type`,`target_param1`,`target_param2`,`target_param3`,`target_x`,`target_y`,`target_z`,`target_o`,`comment`) VALUES 
(@ENTRY,@SOURCETYPE,0,0,2,0,100,0,90,100,12000,13000,11,46589,0,0,0,0,0,5,0,0,0,0.0,0.0,0.0,0.0,"SHADOW_SPIKE"),
(@ENTRY,@SOURCETYPE,2,0,2,0,100,0,75,80,10000,13000,11,68950,0,0,0,0,0,5,0,0,0,0.0,0.0,0.0,0.0,"FEAR"),
(@ENTRY,@SOURCETYPE,3,0,2,0,100,1,60,70,0,0,11,8269,0,0,0,0,0,5,0,0,0,0.0,0.0,0.0,0.0,"FRENZY"),
(@ENTRY,@SOURCETYPE,4,0,2,0,100,0,50,60,7000,8000,11,33665,0,0,0,0,0,5,0,0,0,0.0,0.0,0.0,0.0,"CHAIN_LIGHTNING"),
(@ENTRY,@SOURCETYPE,5,0,2,0,100,1,40,50,0,0,11,71049,0,0,0,0,0,5,0,0,0,0.0,0.0,0.0,0.0,"BLISTERING_COLD"),
(@ENTRY,@SOURCETYPE,8,0,2,0,100,0,10,20,6000,7000,11,40827,0,0,0,0,0,5,0,0,0,0.0,0.0,0.0,0.0,"SINBEAM"),
(@ENTRY,@SOURCETYPE,10,0,2,0,100,1,1,10,0,0,11,68335,2,0,0,0,0,1,0,0,0,0.0,0.0,0.0,0.0,"Enrage at 10%"),
(@ENTRY,@SOURCETYPE,11,0,2,0,100,0,80,90,10000,13000,11,5649,0,0,0,0,0,5,0,0,0,0.0,0.0,0.0,0.0,"Stunning Blast "),
(@ENTRY,@SOURCETYPE,12,0,2,0,100,1,30,40,0,0,11,2565,2,0,0,0,0,5,0,0,0,0.0,0.0,0.0,0.0,"Shield Block"),
(@ENTRY,@SOURCETYPE,13,0,2,0,100,0,1,10,9000,10000,11,26607,0,0,0,0,0,5,0,0,0,0.0,0.0,0.0,0.0,"BLIZZARD"),
(@ENTRY,@SOURCETYPE,14,0,2,0,100,1,60,95,0,0,1,1,0,0,0,0,0,2,0,0,0,0.0,0.0,0.0,0.0,"Yell 1"),
(@ENTRY,@SOURCETYPE,15,0,2,0,100,1,40,55,0,0,1,2,0,0,0,0,0,2,0,0,0,0.0,0.0,0.0,0.0,"Yell 2"),
(@ENTRY,@SOURCETYPE,16,0,2,0,100,1,20,30,0,0,1,3,0,0,0,0,0,2,0,0,0,0.0,0.0,0.0,0.0,"Yell 3"),
(@ENTRY,@SOURCETYPE,17,0,2,0,100,1,1,5,0,0,1,4,0,0,0,0,0,2,0,0,0,0.0,0.0,0.0,0.0,"Yell 4"),
(@ENTRY,@SOURCETYPE,18,0,2,0,100,1,90,100,0,0,11,40585,0,0,0,0,0,5,0,0,0,0.0,0.0,0.0,0.0,"Dark Barrage"),
(@ENTRY,@SOURCETYPE,19,0,2,0,100,0,80,87,12000,13000,11,21066,0,0,0,0,0,5,0,0,0,0.0,0.0,0.0,0.0,"Void Bolt"),
(@ENTRY,@SOURCETYPE,20,0,2,0,100,1,70,80,0,0,11,59971,0,0,0,0,0,5,0,0,0,0.0,0.0,0.0,0.0,"Rain of Fire"),
(@ENTRY,@SOURCETYPE,21,0,2,0,100,1,60,70,15000,18000,11,40904,0,0,0,0,0,5,0,0,0,0.0,0.0,0.0,0.0,"Draw Soul"),
(@ENTRY,@SOURCETYPE,22,0,2,0,100,0,50,60,8000,9000,11,41131,0,0,0,0,0,5,0,0,0,0.0,0.0,0.0,0.0,"Flame Burst"),
(@ENTRY,@SOURCETYPE,23,0,2,0,100,0,40,50,13000,15000,11,41545,0,0,0,0,0,5,0,0,0,0.0,0.0,0.0,0.0,"Soul Scream"),
(@ENTRY,@SOURCETYPE,24,0,2,0,100,1,55,100,0,0,1,5,1,0,0,0,0,2,0,0,0,0.0,0.0,0.0,0.0,"Emote 5"),
(@ENTRY,@SOURCETYPE,25,0,2,0,100,1,1,50,0,0,1,6,1,0,0,0,0,2,0,0,0,0.0,0.0,0.0,0.0,"Emote 6"),
(@ENTRY,@SOURCETYPE,27,0,2,0,100,0,25,35,8000,9000,11,42052,0,0,0,0,0,5,0,0,0,0.0,0.0,0.0,0.0,"Volcanic Geyser"),
(@ENTRY,@SOURCETYPE,28,0,2,0,100,0,20,30,8000,9000,11,56431,0,0,0,0,0,5,0,0,0,0.0,0.0,0.0,0.0,"Arcane Bomb");

-- Sarev

INSERT INTO `creature_template` (`entry`, `difficulty_entry_1`, `difficulty_entry_2`, `difficulty_entry_3`, `KillCredit1`, `KillCredit2`, `modelid1`, `modelid2`, `modelid3`, `modelid4`, `name`, `subname`, `IconName`, `gossip_menu_id`, `minlevel`, `maxlevel`, `exp`, `faction`, `npcflag`, `speed_walk`, `speed_run`, `scale`, `rank`, `dmgschool`, `BaseAttackTime`, `RangeAttackTime`, `BaseVariance`, `RangeVariance`, `unit_class`, `unit_flags`, `unit_flags2`, `dynamicflags`, `family`, `trainer_type`, `trainer_spell`, `trainer_class`, `trainer_race`, `type`, `type_flags`, `lootid`, `pickpocketloot`, `skinloot`, `resistance1`, `resistance2`, `resistance3`, `resistance4`, `resistance5`, `resistance6`, `spell1`, `spell2`, `spell3`, `spell4`, `spell5`, `spell6`, `spell7`, `spell8`, `PetSpellDataId`, `VehicleId`, `mingold`, `maxgold`, `AIName`, `MovementType`, `InhabitType`, `HoverHeight`, `HealthModifier`, `ManaModifier`, `ArmorModifier`, `DamageModifier`, `ExperienceModifier`, `RacialLeader`, `movementId`, `RegenHealth`, `mechanic_immune_mask`, `flags_extra`, `ScriptName`, `VerifiedBuild`) VALUES
(400404, 0, 0, 0, 0, 0, 21418, 0, 0, 0, 'Sarev', 'SchattenSucher', '', 0, 82, 82, 2, 16, 0, 1, 1.5, 2, 3, 0, 2000, 2000, 1, 1, 1, 0, 2048, 8, 0, 0, 0, 0, 0, 4, 0, 0, 0, 0, 50, 50, 50, 50, 50, 50, 0, 0, 0, 0, 0, 0, 0, 0, 0, 0, 3700000, 3700000, 'SmartAI', 0, 1, 1, 380, 50, 5, 6, 1, 0, 0, 1, 618348543, 0, '', 0);

DELETE FROM `creature_text` WHERE `entry`=400400;
INSERT INTO `creature_text` (`entry`,`groupid`,`id`,`text`,`type`,`language`,`probability`,`emote`,`duration`,`sound`,`comment`) VALUES (400400,1,0,'Niemand kann sich mir wiedersetzen, ich werde euch alle Vernichten.',14,0,100,1,0,17457,'Comment');
INSERT INTO `creature_text` (`entry`,`groupid`,`id`,`text`,`type`,`language`,`probability`,`emote`,`duration`,`sound`,`comment`) VALUES (400400,2,0,'Ich... Ich werde euch VERNICHTEN',14,0,100,1,0,17458,'Comment');
INSERT INTO `creature_text` (`entry`,`groupid`,`id`,`text`,`type`,`language`,`probability`,`emote`,`duration`,`sound`,`comment`) VALUES (400400,3,0,'Nicht ihr Maden!',14,0,100,1,0,17459,'Comment');
INSERT INTO `creature_text` (`entry`,`groupid`,`id`,`text`,`type`,`language`,`probability`,`emote`,`duration`,`sound`,`comment`) VALUES (400400,4,0,'Unmöglich.... Ich... darf... meinen... Meister... nicht..!',14,0,100,1,0,17460,'Comment');
INSERT INTO `creature_text` (`entry`,`groupid`,`id`,`text`,`type`,`language`,`probability`,`emote`,`duration`,`sound`,`comment`) VALUES (400400,5,0,'Phase 1',41,0,100,1,0,0,'Comment');
INSERT INTO `creature_text` (`entry`,`groupid`,`id`,`text`,`type`,`language`,`probability`,`emote`,`duration`,`sound`,`comment`) VALUES (400400,6,0,'Phase 2',41,0,100,1,0,0,'Comment');

SET @ENTRY := 400404;
SET @SOURCETYPE := 0;

DELETE FROM `smart_scripts` WHERE `entryorguid`=@ENTRY AND `source_type`=@SOURCETYPE;
UPDATE creature_template SET AIName="SmartAI" WHERE entry=@ENTRY LIMIT 1;
INSERT INTO `smart_scripts` (`entryorguid`,`source_type`,`id`,`link`,`event_type`,`event_phase_mask`,`event_chance`,`event_flags`,`event_param1`,`event_param2`,`event_param3`,`event_param4`,`action_type`,`action_param1`,`action_param2`,`action_param3`,`action_param4`,`action_param5`,`action_param6`,`target_type`,`target_param1`,`target_param2`,`target_param3`,`target_x`,`target_y`,`target_z`,`target_o`,`comment`) VALUES 
(@ENTRY,@SOURCETYPE,0,0,2,0,100,0,90,100,12000,13000,11,46589,0,0,0,0,0,5,0,0,0,0.0,0.0,0.0,0.0,"SHADOW_SPIKE"),
(@ENTRY,@SOURCETYPE,2,0,2,0,100,0,75,80,10000,13000,11,68950,0,0,0,0,0,5,0,0,0,0.0,0.0,0.0,0.0,"FEAR"),
(@ENTRY,@SOURCETYPE,3,0,2,0,100,1,60,70,0,0,11,8269,0,0,0,0,0,5,0,0,0,0.0,0.0,0.0,0.0,"FRENZY"),
(@ENTRY,@SOURCETYPE,4,0,2,0,100,0,50,60,7000,8000,11,33665,0,0,0,0,0,5,0,0,0,0.0,0.0,0.0,0.0,"CHAIN_LIGHTNING"),
(@ENTRY,@SOURCETYPE,5,0,2,0,100,1,40,50,0,0,11,71049,0,0,0,0,0,5,0,0,0,0.0,0.0,0.0,0.0,"BLISTERING_COLD"),
(@ENTRY,@SOURCETYPE,8,0,2,0,100,0,10,20,6000,7000,11,40827,0,0,0,0,0,5,0,0,0,0.0,0.0,0.0,0.0,"SINBEAM"),
(@ENTRY,@SOURCETYPE,10,0,2,0,100,1,1,10,0,0,11,68335,2,0,0,0,0,1,0,0,0,0.0,0.0,0.0,0.0,"Enrage at 10%"),
(@ENTRY,@SOURCETYPE,11,0,2,0,100,0,80,90,10000,13000,11,5649,0,0,0,0,0,5,0,0,0,0.0,0.0,0.0,0.0,"Stunning Blast "),
(@ENTRY,@SOURCETYPE,12,0,2,0,100,1,30,40,0,0,11,2565,2,0,0,0,0,5,0,0,0,0.0,0.0,0.0,0.0,"Shield Block"),
(@ENTRY,@SOURCETYPE,13,0,2,0,100,0,1,10,9000,10000,11,26607,0,0,0,0,0,5,0,0,0,0.0,0.0,0.0,0.0,"BLIZZARD"),
(@ENTRY,@SOURCETYPE,14,0,2,0,100,1,60,95,0,0,1,1,0,0,0,0,0,2,0,0,0,0.0,0.0,0.0,0.0,"Yell 1"),
(@ENTRY,@SOURCETYPE,15,0,2,0,100,1,40,55,0,0,1,2,0,0,0,0,0,2,0,0,0,0.0,0.0,0.0,0.0,"Yell 2"),
(@ENTRY,@SOURCETYPE,16,0,2,0,100,1,20,30,0,0,1,3,0,0,0,0,0,2,0,0,0,0.0,0.0,0.0,0.0,"Yell 3"),
(@ENTRY,@SOURCETYPE,17,0,2,0,100,1,1,5,0,0,1,4,0,0,0,0,0,2,0,0,0,0.0,0.0,0.0,0.0,"Yell 4"),
(@ENTRY,@SOURCETYPE,18,0,2,0,100,1,90,100,0,0,11,40585,0,0,0,0,0,5,0,0,0,0.0,0.0,0.0,0.0,"Dark Barrage"),
(@ENTRY,@SOURCETYPE,19,0,2,0,100,0,80,87,12000,13000,11,21066,0,0,0,0,0,5,0,0,0,0.0,0.0,0.0,0.0,"Void Bolt"),
(@ENTRY,@SOURCETYPE,20,0,2,0,100,1,70,80,0,0,11,59971,0,0,0,0,0,5,0,0,0,0.0,0.0,0.0,0.0,"Rain of Fire"),
(@ENTRY,@SOURCETYPE,21,0,2,0,100,1,60,70,15000,18000,11,40904,0,0,0,0,0,5,0,0,0,0.0,0.0,0.0,0.0,"Draw Soul"),
(@ENTRY,@SOURCETYPE,22,0,2,0,100,0,50,60,8000,9000,11,41131,0,0,0,0,0,5,0,0,0,0.0,0.0,0.0,0.0,"Flame Burst"),
(@ENTRY,@SOURCETYPE,23,0,2,0,100,0,40,50,13000,15000,11,41545,0,0,0,0,0,5,0,0,0,0.0,0.0,0.0,0.0,"Soul Scream"),
(@ENTRY,@SOURCETYPE,24,0,2,0,100,1,55,100,0,0,1,5,1,0,0,0,0,2,0,0,0,0.0,0.0,0.0,0.0,"Emote 5"),
(@ENTRY,@SOURCETYPE,25,0,2,0,100,1,1,50,0,0,1,6,1,0,0,0,0,2,0,0,0,0.0,0.0,0.0,0.0,"Emote 6"),
(@ENTRY,@SOURCETYPE,27,0,2,0,100,0,25,35,8000,9000,11,42052,0,0,0,0,0,5,0,0,0,0.0,0.0,0.0,0.0,"Volcanic Geyser"),
(@ENTRY,@SOURCETYPE,28,0,2,0,100,0,20,30,8000,9000,11,56431,0,0,0,0,0,5,0,0,0,0.0,0.0,0.0,0.0,"Arcane Bomb");

-- Kilaniari

INSERT INTO `creature_template` (`entry`, `difficulty_entry_1`, `difficulty_entry_2`, `difficulty_entry_3`, `KillCredit1`, `KillCredit2`, `modelid1`, `modelid2`, `modelid3`, `modelid4`, `name`, `subname`, `IconName`, `gossip_menu_id`, `minlevel`, `maxlevel`, `exp`, `faction`, `npcflag`, `speed_walk`, `speed_run`, `scale`, `rank`, `dmgschool`, `BaseAttackTime`, `RangeAttackTime`, `BaseVariance`, `RangeVariance`, `unit_class`, `unit_flags`, `unit_flags2`, `dynamicflags`, `family`, `trainer_type`, `trainer_spell`, `trainer_class`, `trainer_race`, `type`, `type_flags`, `lootid`, `pickpocketloot`, `skinloot`, `resistance1`, `resistance2`, `resistance3`, `resistance4`, `resistance5`, `resistance6`, `spell1`, `spell2`, `spell3`, `spell4`, `spell5`, `spell6`, `spell7`, `spell8`, `PetSpellDataId`, `VehicleId`, `mingold`, `maxgold`, `AIName`, `MovementType`, `InhabitType`, `HoverHeight`, `HealthModifier`, `ManaModifier`, `ArmorModifier`, `DamageModifier`, `ExperienceModifier`, `RacialLeader`, `movementId`, `RegenHealth`, `mechanic_immune_mask`, `flags_extra`, `ScriptName`, `VerifiedBuild`) VALUES
(400406, 0, 0, 0, 0, 0, 21503, 0, 0, 0, 'Kilaniari', 'Avatar von Sathal', '', 0, 82, 82, 2, 16, 0, 1, 1.5, 2, 3, 0, 2000, 2000, 1, 1, 1, 0, 2048, 8, 0, 0, 0, 0, 0, 4, 0, 0, 0, 0, 50, 50, 50, 50, 50, 50, 0, 0, 0, 0, 0, 0, 0, 0, 0, 0, 6000000, 6000000, 'SmartAI', 0, 1, 1, 380, 50, 5, 6, 1, 0, 0, 1, 618348543, 0, '', 0);

DELETE FROM `creature_text` WHERE `entry`=400400;
INSERT INTO `creature_text` (`entry`,`groupid`,`id`,`text`,`type`,`language`,`probability`,`emote`,`duration`,`sound`,`comment`) VALUES (400400,1,0,'Ihr kleinen Insekten wagt es euch hierhin zu kommen? Jetzt lernt ihr wahre Schmerzen kennen...',14,0,100,1,0,17457,'Comment');
INSERT INTO `creature_text` (`entry`,`groupid`,`id`,`text`,`type`,`language`,`probability`,`emote`,`duration`,`sound`,`comment`) VALUES (400400,2,0,'Spürt ihr den Schmerz?',14,0,100,1,0,17458,'Comment');
INSERT INTO `creature_text` (`entry`,`groupid`,`id`,`text`,`type`,`language`,`probability`,`emote`,`duration`,`sound`,`comment`) VALUES (400400,4,0,'jetzt weiß ich was wahre Schmerzen... sind',14,0,100,1,0,17460,'Comment');
INSERT INTO `creature_text` (`entry`,`groupid`,`id`,`text`,`type`,`language`,`probability`,`emote`,`duration`,`sound`,`comment`) VALUES (400400,5,0,'Phase 1',41,0,100,1,0,0,'Comment');
INSERT INTO `creature_text` (`entry`,`groupid`,`id`,`text`,`type`,`language`,`probability`,`emote`,`duration`,`sound`,`comment`) VALUES (400400,6,0,'Phase 2',41,0,100,1,0,0,'Comment');

SET @ENTRY := 400406;
SET @SOURCETYPE := 0;

DELETE FROM `smart_scripts` WHERE `entryorguid`=@ENTRY AND `source_type`=@SOURCETYPE;
UPDATE creature_template SET AIName="SmartAI" WHERE entry=@ENTRY LIMIT 1;
INSERT INTO `smart_scripts` (`entryorguid`,`source_type`,`id`,`link`,`event_type`,`event_phase_mask`,`event_chance`,`event_flags`,`event_param1`,`event_param2`,`event_param3`,`event_param4`,`action_type`,`action_param1`,`action_param2`,`action_param3`,`action_param4`,`action_param5`,`action_param6`,`target_type`,`target_param1`,`target_param2`,`target_param3`,`target_x`,`target_y`,`target_z`,`target_o`,`comment`) VALUES 
(@ENTRY,@SOURCETYPE,0,0,2,0,100,0,90,100,12000,13000,11,46589,0,0,0,0,0,5,0,0,0,0.0,0.0,0.0,0.0,"SHADOW_SPIKE"),
(@ENTRY,@SOURCETYPE,2,0,2,0,100,0,75,80,10000,13000,11,68950,0,0,0,0,0,5,0,0,0,0.0,0.0,0.0,0.0,"FEAR"),
(@ENTRY,@SOURCETYPE,3,0,2,0,100,1,60,70,0,0,11,8269,0,0,0,0,0,5,0,0,0,0.0,0.0,0.0,0.0,"FRENZY"),
(@ENTRY,@SOURCETYPE,4,0,2,0,100,0,50,60,7000,8000,11,33665,0,0,0,0,0,5,0,0,0,0.0,0.0,0.0,0.0,"CHAIN_LIGHTNING"),
(@ENTRY,@SOURCETYPE,5,0,2,0,100,1,40,50,0,0,11,71049,0,0,0,0,0,5,0,0,0,0.0,0.0,0.0,0.0,"BLISTERING_COLD"),
(@ENTRY,@SOURCETYPE,8,0,2,0,100,0,10,20,6000,7000,11,40827,0,0,0,0,0,5,0,0,0,0.0,0.0,0.0,0.0,"SINBEAM"),
(@ENTRY,@SOURCETYPE,10,0,2,0,100,1,1,10,0,0,11,68335,2,0,0,0,0,1,0,0,0,0.0,0.0,0.0,0.0,"Enrage at 10%"),
(@ENTRY,@SOURCETYPE,11,0,2,0,100,0,80,90,10000,13000,11,5649,0,0,0,0,0,5,0,0,0,0.0,0.0,0.0,0.0,"Stunning Blast "),
(@ENTRY,@SOURCETYPE,12,0,2,0,100,1,30,40,0,0,11,2565,2,0,0,0,0,5,0,0,0,0.0,0.0,0.0,0.0,"Shield Block"),
(@ENTRY,@SOURCETYPE,13,0,2,0,100,0,1,10,9000,10000,11,26607,0,0,0,0,0,5,0,0,0,0.0,0.0,0.0,0.0,"BLIZZARD"),
(@ENTRY,@SOURCETYPE,14,0,2,0,100,1,60,95,0,0,1,1,0,0,0,0,0,2,0,0,0,0.0,0.0,0.0,0.0,"Yell 1"),
(@ENTRY,@SOURCETYPE,15,0,2,0,100,1,40,55,0,0,1,2,0,0,0,0,0,2,0,0,0,0.0,0.0,0.0,0.0,"Yell 2"),
(@ENTRY,@SOURCETYPE,16,0,2,0,100,1,20,30,0,0,1,3,0,0,0,0,0,2,0,0,0,0.0,0.0,0.0,0.0,"Yell 3"),
(@ENTRY,@SOURCETYPE,17,0,2,0,100,1,1,5,0,0,1,4,0,0,0,0,0,2,0,0,0,0.0,0.0,0.0,0.0,"Yell 4"),
(@ENTRY,@SOURCETYPE,18,0,2,0,100,1,90,100,0,0,11,40585,0,0,0,0,0,5,0,0,0,0.0,0.0,0.0,0.0,"Dark Barrage"),
(@ENTRY,@SOURCETYPE,19,0,2,0,100,0,80,87,12000,13000,11,21066,0,0,0,0,0,5,0,0,0,0.0,0.0,0.0,0.0,"Void Bolt"),
(@ENTRY,@SOURCETYPE,20,0,2,0,100,1,70,80,0,0,11,59971,0,0,0,0,0,5,0,0,0,0.0,0.0,0.0,0.0,"Rain of Fire"),
(@ENTRY,@SOURCETYPE,21,0,2,0,100,1,60,70,15000,18000,11,40904,0,0,0,0,0,5,0,0,0,0.0,0.0,0.0,0.0,"Draw Soul"),
(@ENTRY,@SOURCETYPE,22,0,2,0,100,0,50,60,8000,9000,11,41131,0,0,0,0,0,5,0,0,0,0.0,0.0,0.0,0.0,"Flame Burst"),
(@ENTRY,@SOURCETYPE,23,0,2,0,100,0,40,50,13000,15000,11,41545,0,0,0,0,0,5,0,0,0,0.0,0.0,0.0,0.0,"Soul Scream"),
(@ENTRY,@SOURCETYPE,24,0,2,0,100,1,55,100,0,0,1,5,1,0,0,0,0,2,0,0,0,0.0,0.0,0.0,0.0,"Emote 5"),
(@ENTRY,@SOURCETYPE,25,0,2,0,100,1,1,50,0,0,1,6,1,0,0,0,0,2,0,0,0,0.0,0.0,0.0,0.0,"Emote 6"),
(@ENTRY,@SOURCETYPE,27,0,2,0,100,0,25,35,8000,9000,11,42052,0,0,0,0,0,5,0,0,0,0.0,0.0,0.0,0.0,"Volcanic Geyser"),
(@ENTRY,@SOURCETYPE,28,0,2,0,100,0,20,30,8000,9000,11,56431,0,0,0,0,0,5,0,0,0,0.0,0.0,0.0,0.0,"Arcane Bomb");

-- Karzias

INSERT INTO `creature_template` (`entry`, `difficulty_entry_1`, `difficulty_entry_2`, `difficulty_entry_3`, `KillCredit1`, `KillCredit2`, `modelid1`, `modelid2`, `modelid3`, `modelid4`, `name`, `subname`, `IconName`, `gossip_menu_id`, `minlevel`, `maxlevel`, `exp`, `faction`, `npcflag`, `speed_walk`, `speed_run`, `scale`, `rank`, `dmgschool`, `BaseAttackTime`, `RangeAttackTime`, `BaseVariance`, `RangeVariance`, `unit_class`, `unit_flags`, `unit_flags2`, `dynamicflags`, `family`, `trainer_type`, `trainer_spell`, `trainer_class`, `trainer_race`, `type`, `type_flags`, `lootid`, `pickpocketloot`, `skinloot`, `resistance1`, `resistance2`, `resistance3`, `resistance4`, `resistance5`, `resistance6`, `spell1`, `spell2`, `spell3`, `spell4`, `spell5`, `spell6`, `spell7`, `spell8`, `PetSpellDataId`, `VehicleId`, `mingold`, `maxgold`, `AIName`, `MovementType`, `InhabitType`, `HoverHeight`, `HealthModifier`, `ManaModifier`, `ArmorModifier`, `DamageModifier`, `ExperienceModifier`, `RacialLeader`, `movementId`, `RegenHealth`, `mechanic_immune_mask`, `flags_extra`, `ScriptName`, `VerifiedBuild`) VALUES
(400405, 0, 0, 0, 0, 0, 19991, 0, 0, 0, 'Karzias', 'Der NachtLord', '', 0, 82, 82, 2, 16, 0, 1, 1.5, 2, 3, 0, 2000, 2000, 1, 1, 1, 0, 2048, 8, 0, 0, 0, 0, 0, 4, 0, 0, 0, 0, 50, 50, 50, 50, 50, 50, 0, 0, 0, 0, 0, 0, 0, 0, 0, 0, 7000000, 7000000, 'SmartAI', 0, 1, 1, 380, 50, 5, 6, 1, 0, 0, 1, 618348543, 0, '', 0);

DELETE FROM `creature_text` WHERE `entry`=400400;
INSERT INTO `creature_text` (`entry`,`groupid`,`id`,`text`,`type`,`language`,`probability`,`emote`,`duration`,`sound`,`comment`) VALUES (400400,1,0,'Seht die Macht die mir Die Nacht gab',14,0,100,1,0,17457,'Comment');
INSERT INTO `creature_text` (`entry`,`groupid`,`id`,`text`,`type`,`language`,`probability`,`emote`,`duration`,`sound`,`comment`) VALUES (400400,2,0,'Meister, ich gebt mir mehr Macht!',14,0,100,1,0,17458,'Comment');
INSERT INTO `creature_text` (`entry`,`groupid`,`id`,`text`,`type`,`language`,`probability`,`emote`,`duration`,`sound`,`comment`) VALUES (400400,4,0,'Warum hat mich der Meister nicht erhöhrt?',14,0,100,1,0,17460,'Comment');
INSERT INTO `creature_text` (`entry`,`groupid`,`id`,`text`,`type`,`language`,`probability`,`emote`,`duration`,`sound`,`comment`) VALUES (400400,5,0,'Phase 1',41,0,100,1,0,0,'Comment');
INSERT INTO `creature_text` (`entry`,`groupid`,`id`,`text`,`type`,`language`,`probability`,`emote`,`duration`,`sound`,`comment`) VALUES (400400,6,0,'Phase 2',41,0,100,1,0,0,'Comment');

SET @ENTRY := 400405;
SET @SOURCETYPE := 0;

DELETE FROM `smart_scripts` WHERE `entryorguid`=@ENTRY AND `source_type`=@SOURCETYPE;
UPDATE creature_template SET AIName="SmartAI" WHERE entry=@ENTRY LIMIT 1;
INSERT INTO `smart_scripts` (`entryorguid`,`source_type`,`id`,`link`,`event_type`,`event_phase_mask`,`event_chance`,`event_flags`,`event_param1`,`event_param2`,`event_param3`,`event_param4`,`action_type`,`action_param1`,`action_param2`,`action_param3`,`action_param4`,`action_param5`,`action_param6`,`target_type`,`target_param1`,`target_param2`,`target_param3`,`target_x`,`target_y`,`target_z`,`target_o`,`comment`) VALUES 
(@ENTRY,@SOURCETYPE,0,0,2,0,100,0,90,100,12000,13000,11,46589,0,0,0,0,0,5,0,0,0,0.0,0.0,0.0,0.0,"SHADOW_SPIKE"),
(@ENTRY,@SOURCETYPE,2,0,2,0,100,0,75,80,10000,13000,11,68950,0,0,0,0,0,5,0,0,0,0.0,0.0,0.0,0.0,"FEAR"),
(@ENTRY,@SOURCETYPE,3,0,2,0,100,1,60,70,0,0,11,8269,0,0,0,0,0,5,0,0,0,0.0,0.0,0.0,0.0,"FRENZY"),
(@ENTRY,@SOURCETYPE,4,0,2,0,100,0,50,60,7000,8000,11,33665,0,0,0,0,0,5,0,0,0,0.0,0.0,0.0,0.0,"CHAIN_LIGHTNING"),
(@ENTRY,@SOURCETYPE,5,0,2,0,100,1,40,50,0,0,11,71049,0,0,0,0,0,5,0,0,0,0.0,0.0,0.0,0.0,"BLISTERING_COLD"),
(@ENTRY,@SOURCETYPE,8,0,2,0,100,0,10,20,6000,7000,11,40827,0,0,0,0,0,5,0,0,0,0.0,0.0,0.0,0.0,"SINBEAM"),
(@ENTRY,@SOURCETYPE,10,0,2,0,100,1,1,10,0,0,11,68335,2,0,0,0,0,1,0,0,0,0.0,0.0,0.0,0.0,"Enrage at 10%"),
(@ENTRY,@SOURCETYPE,11,0,2,0,100,0,80,90,10000,13000,11,5649,0,0,0,0,0,5,0,0,0,0.0,0.0,0.0,0.0,"Stunning Blast "),
(@ENTRY,@SOURCETYPE,12,0,2,0,100,1,30,40,0,0,11,2565,2,0,0,0,0,5,0,0,0,0.0,0.0,0.0,0.0,"Shield Block"),
(@ENTRY,@SOURCETYPE,13,0,2,0,100,0,1,10,9000,10000,11,26607,0,0,0,0,0,5,0,0,0,0.0,0.0,0.0,0.0,"BLIZZARD"),
(@ENTRY,@SOURCETYPE,14,0,2,0,100,1,60,95,0,0,1,1,0,0,0,0,0,2,0,0,0,0.0,0.0,0.0,0.0,"Yell 1"),
(@ENTRY,@SOURCETYPE,15,0,2,0,100,1,40,55,0,0,1,2,0,0,0,0,0,2,0,0,0,0.0,0.0,0.0,0.0,"Yell 2"),
(@ENTRY,@SOURCETYPE,16,0,2,0,100,1,20,30,0,0,1,3,0,0,0,0,0,2,0,0,0,0.0,0.0,0.0,0.0,"Yell 3"),
(@ENTRY,@SOURCETYPE,17,0,2,0,100,1,1,5,0,0,1,4,0,0,0,0,0,2,0,0,0,0.0,0.0,0.0,0.0,"Yell 4"),
(@ENTRY,@SOURCETYPE,18,0,2,0,100,1,90,100,0,0,11,40585,0,0,0,0,0,5,0,0,0,0.0,0.0,0.0,0.0,"Dark Barrage"),
(@ENTRY,@SOURCETYPE,19,0,2,0,100,0,80,87,12000,13000,11,21066,0,0,0,0,0,5,0,0,0,0.0,0.0,0.0,0.0,"Void Bolt"),
(@ENTRY,@SOURCETYPE,20,0,2,0,100,1,70,80,0,0,11,59971,0,0,0,0,0,5,0,0,0,0.0,0.0,0.0,0.0,"Rain of Fire"),
(@ENTRY,@SOURCETYPE,21,0,2,0,100,1,60,70,15000,18000,11,40904,0,0,0,0,0,5,0,0,0,0.0,0.0,0.0,0.0,"Draw Soul"),
(@ENTRY,@SOURCETYPE,22,0,2,0,100,0,50,60,8000,9000,11,41131,0,0,0,0,0,5,0,0,0,0.0,0.0,0.0,0.0,"Flame Burst"),
(@ENTRY,@SOURCETYPE,23,0,2,0,100,0,40,50,13000,15000,11,41545,0,0,0,0,0,5,0,0,0,0.0,0.0,0.0,0.0,"Soul Scream"),
(@ENTRY,@SOURCETYPE,24,0,2,0,100,1,55,100,0,0,1,5,1,0,0,0,0,2,0,0,0,0.0,0.0,0.0,0.0,"Emote 5"),
(@ENTRY,@SOURCETYPE,25,0,2,0,100,1,1,50,0,0,1,6,1,0,0,0,0,2,0,0,0,0.0,0.0,0.0,0.0,"Emote 6"),
(@ENTRY,@SOURCETYPE,27,0,2,0,100,0,25,35,8000,9000,11,42052,0,0,0,0,0,5,0,0,0,0.0,0.0,0.0,0.0,"Volcanic Geyser"),
(@ENTRY,@SOURCETYPE,28,0,2,0,100,0,20,30,8000,9000,11,56431,0,0,0,0,0,5,0,0,0,0.0,0.0,0.0,0.0,"Arcane Bomb");