DELETE FROM `game_event` WHERE `eventEntry` = 76;
INSERT INTO `game_event` (`eventEntry`, `start_time`, `end_time`, `occurence`, `length`, `holiday`, `description`, `world_event`)
VALUES (76, '9999-10-21 21:00:00', '9999-11-10 20:00:00', '527040', '28740', '0','Chopper', '0');

DELETE FROM `gameobject` WHERE `guid` BETWEEN 806050 AND 806609;
INSERT INTO `gameobject` VALUES (806501,186859,0,0,0,1,1,2065.3,2393.64,131.252,3.14248,0,0,1,-0.000445886,300,0,1,0),(806502,201752,0,0,0,1,1,2099.59,2388.42,134.816,3.11026,0,0,0.999877,0.0156648,300,0,1,0),(806503,201752,0,0,0,1,1,2099.59,2388.42,133.573,3.11026,0,0,0.999877,0.0156648,300,0,1,0),(806504,201752,0,0,0,1,1,2099.59,2388.42,132.33,3.11026,0,0,0.999877,0.0156648,300,0,1,0),(806505,201752,0,0,0,1,1,2099.38,2390.78,134.809,3.09063,0,0,0.999675,0.0254794,300,0,1,0),(806506,201752,0,0,0,1,1,2099.42,2390.75,133.566,3.23592,0,0,0.998888,-0.0471487,300,0,1,0),(806507,201752,0,0,0,1,1,2099.42,2390.75,132.323,3.23592,0,0,0.998888,-0.0471487,300,0,1,0),(806508,190891,0,0,0,1,1,1968.17,2522.3,131.253,4.24461,0,0,0.851736,-0.523971,300,0,1,0),(806509,190891,0,0,0,1,1,1967.65,2513.6,131.253,2.40285,0,0,0.932555,0.361029,300,0,1,0),(806510,190891,0,0,0,1,1,1953.21,2513.08,131.253,3.09007,0,0,0.999668,0.0257561,300,0,1,0),(806511,190891,0,0,0,1,1,1931.66,2516.09,131.252,2.67382,0,0,0.972773,0.23176,300,0,1,0),(806512,190891,0,0,0,1,1,1919.74,2510.91,131.252,3.51812,0,0,0.982331,-0.187152,300,0,1,0),(806513,190891,0,0,0,1,1,1916.4,2497.07,131.252,4.80224,0,0,0.674639,-0.738148,300,0,1,0),(806514,186859,0,0,0,1,1,2065.3,2393.53,131.252,3.12975,0,0,0.999982,0.00591926,300,0,1,0),(806515,186859,0,0,0,1,1,2064.52,2393.01,131.252,0.109895,0,0,0.0549197,0.998491,300,0,1,0),(806516,186859,0,0,0,1,1,2064.33,2392.95,131.252,6.24778,0,0,0.0176999,-0.999843,300,0,1,0),(806517,186859,0,0,0,1,1,2064.62,2393.04,131.252,6.225,0,0,0.0290869,-0.999577,300,0,1,0),(806518,164729,0,0,0,1,1,2099.24,2381.76,131.252,6.27901,0,0,0.00208989,-0.999998,300,0,1,0),(806519,19587,0,0,0,1,1,2112.41,2398.71,131.252,1.6688,0,0,0.740893,0.671623,300,0,1,0),(806520,201752,0,0,0,1,1,1997.79,2388.31,136.225,6.19438,0,0,0.0443882,-0.999014,300,0,1,0),(806521,201752,0,0,0,1,1,1997.79,2388.31,134.982,6.19438,0,0,0.0443882,-0.999014,300,0,1,0),(806522,19587,0,0,0,1,1,2097.92,2389.98,136.74,0.0430247,0,0,0.0215107,0.999769,300,0,1,0),(806523,201752,0,0,0,1,1,1997.79,2388.31,133.738,6.19438,0,0,0.0443882,-0.999014,300,0,1,0),(806524,201752,0,0,0,1,1,1997.79,2388.31,131.252,6.17475,0,0,0.0541935,-0.99853,300,0,1,0),(806525,201752,0,0,0,1,1,1997.79,2388.31,132.495,6.19438,0,0,0.0443882,-0.999014,300,0,1,0),(806526,19587,0,0,0,1,1,2102.61,2393.96,131.252,5.21958,0,0,0.507087,-0.861895,300,0,1,0),(806527,19587,0,0,0,1,1,2103.19,2450.38,131.252,1.163,0,0,0.549278,0.83564,300,0,1,0),(806528,19587,0,0,0,1,1,2112.41,2438.17,131.253,0.96665,0,0,0.464726,0.885455,300,0,1,0),(806529,19587,0,0,0,1,1,2109.18,2427.66,131.253,1.59104,0,0,0.714228,0.699913,300,0,1,0),(806530,19587,0,0,0,1,1,2108.69,2421.83,131.253,1.55334,0,0,0.700909,0.713251,300,0,1,0),(806531,180035,0,0,0,1,1,2113.5,2430.17,134.735,1.55335,0,0,0.700911,0.713248,300,0,1,0),(806532,180035,0,0,0,1,1,2103.45,2417.9,134.417,4.71458,0,0,0.706332,-0.70788,300,0,1,0),(806533,180035,0,0,0,1,1,2110.65,2417.91,133.888,4.69494,0,0,0.713247,-0.700913,300,0,1,0),(806534,180035,0,0,0,1,1,2108.04,2431.65,135.133,1.46696,0,0,0.66946,0.742848,300,0,1,0),(806535,180035,0,0,0,1,1,2111.38,2444.56,133.821,1.55336,0,0,0.700916,0.713244,300,0,1,0),(806536,180035,0,0,0,1,1,2104.33,2442.35,134.362,1.46304,0,0,0.668001,0.74416,300,0,1,0),(806537,180035,0,0,0,1,1,2104.33,2442.35,134.362,1.46304,0,0,0.668001,0.74416,300,0,1,0),(806538,164729,0,0,0,1,1,2098.01,2381.73,136.74,0.0890686,0,0,0.0445196,0.999009,300,0,1,0),(806539,164729,0,0,0,1,1,2105.59,2381.55,136.668,3.12856,0,0,0.999979,0.00651506,300,0,1,0),(806540,164729,0,0,0,1,1,2113.41,2381.26,136.756,3.15212,0,0,0.999986,-0.00526585,300,0,1,0),(806541,164729,0,0,0,1,1,2115.29,2383.6,136.739,1.56563,0,0,0.705277,0.708932,300,0,1,0),(806542,164729,0,0,0,1,1,2115.78,2396.09,136.589,4.67266,0,0,0.721011,-0.692923,300,0,1,0),(806543,164729,0,0,0,1,1,2116.2,2406.58,136.565,4.67266,0,0,0.721011,-0.692923,300,0,1,0),(806544,164729,0,0,0,1,1,2116.51,2414.4,136.609,4.67266,0,0,0.721011,-0.692923,300,0,1,0),(806545,164729,0,0,0,1,1,2116.93,2424.83,136.561,4.67266,0,0,0.721011,-0.692923,300,0,1,0),(806546,164729,0,0,0,1,1,2117.34,2435.32,136.505,4.67266,0,0,0.721011,-0.692923,300,0,1,0),(806547,164729,0,0,0,1,1,2117.76,2445.77,136.677,4.67266,0,0,0.721011,-0.692923,300,0,1,0),(806548,180035,0,0,0,1,1,2103.76,2392.75,135.001,0.57987,0,0,0.28589,0.958263,300,0,1,0),(806549,164729,0,0,0,1,1,2118.18,2456.28,136.755,4.67266,0,0,0.721011,-0.692923,300,0,1,0),(806550,164729,0,0,0,1,1,2118.45,2463.28,136.755,4.67266,0,0,0.721011,-0.692923,300,0,1,0),(806551,164729,0,0,0,1,1,2118.87,2473.73,136.755,4.67266,0,0,0.721011,-0.692923,300,0,1,0),(806552,164729,0,0,0,1,1,2119.29,2484.22,136.74,4.67266,0,0,0.721011,-0.692923,300,0,1,0),(806553,164729,0,0,0,1,1,2119.57,2491.22,136.755,4.67266,0,0,0.721011,-0.692923,300,0,1,0),(806554,164729,0,0,0,1,1,2119.98,2501.71,136.739,4.67266,0,0,0.721011,-0.692923,300,0,1,0),(806555,164729,0,0,0,1,1,2120.41,2512.36,136.74,4.67266,0,0,0.721011,-0.692923,300,0,1,0),(806556,164729,0,0,0,1,1,2120.68,2519.4,136.71,4.67266,0,0,0.721011,-0.692923,300,0,1,0),(806557,164729,0,0,0,1,1,2098.3,2385.78,131.251,1.65665,0,0,0.736801,0.67611,300,0,1,0),(806558,164729,0,0,0,1,1,2097.73,2393.8,131.252,1.59775,0,0,0.716571,0.697514,300,0,1,0),(806559,180035,0,0,0,1,1,2106.19,2404.17,134.695,1.52706,0,0,0.691477,0.722398,300,0,1,0),(806560,164729,0,0,0,1,1,2097.16,2403.85,136.586,4.68052,0,0,0.718284,-0.69575,300,0,1,0),(806561,164729,0,0,0,1,1,2097.4,2411.48,136.512,4.68052,0,0,0.718284,-0.69575,300,0,1,0),(806562,180035,0,0,0,1,1,2107.86,2414.18,134.985,3.07822,0,0,0.999498,0.0316787,300,0,1,0),(806563,164729,0,0,0,1,1,2097.89,2426.73,136.67,4.68052,0,0,0.718284,-0.69575,300,0,1,0),(806564,164729,0,0,0,1,1,2098.13,2434.31,136.739,4.68052,0,0,0.718284,-0.69575,300,0,1,0),(806565,164729,0,0,0,1,1,2097.64,2419.14,136.545,4.68052,0,0,0.718284,-0.69575,300,0,1,0),(806566,164729,0,0,0,1,1,2098.37,2441.9,136.737,4.68052,0,0,0.718284,-0.69575,300,0,1,0),(806567,164729,0,0,0,1,1,2098.61,2449.52,136.756,4.68052,0,0,0.718284,-0.69575,300,0,1,0),(806568,180035,0,0,0,1,1,2108.64,2424.35,135.363,3.02717,0,0,0.998364,0.0571782,300,0,1,0),(806569,164729,0,0,0,1,1,2098.76,2459.88,136.737,4.68052,0,0,0.718284,-0.69575,300,0,1,0),(806570,164729,0,0,0,1,1,2098.67,2457.11,136.754,4.68052,0,0,0.718284,-0.69575,300,0,1,0),(806571,164729,0,0,0,1,1,2099.01,2467.57,136.754,4.68052,0,0,0.718284,-0.69575,300,0,1,0),(806572,180035,0,0,0,1,1,2109.15,2436.04,136.065,3.07822,0,0,0.999498,0.0316787,300,0,1,0),(806573,164729,0,0,0,1,1,2099.25,2475.11,136.755,4.68052,0,0,0.718284,-0.69575,300,0,1,0),(806574,164729,0,0,0,1,1,2099.58,2485.49,136.755,4.68052,0,0,0.718284,-0.69575,300,0,1,0),(806575,180035,0,0,0,1,1,2107.46,2448.73,135.254,3.08608,0,0,0.999615,0.0277533,300,0,1,0),(806576,164729,0,0,0,1,1,2099.88,2494.93,136.755,4.68052,0,0,0.718284,-0.69575,300,0,1,0),(806577,164729,0,0,0,1,1,2100.1,2501.92,136.758,4.68052,0,0,0.718284,-0.69575,300,0,1,0),(806578,180035,0,0,0,1,1,2109.15,2468.94,137.167,1.56633,0,0,0.705527,0.708683,300,0,1,0),(806579,177724,0,0,0,1,1,2109.29,2489.93,136.885,1.52392,0,0,0.690341,0.723484,300,0,1,0),(806580,177724,0,0,0,1,1,2109.35,2491.18,135.895,1.52392,0,0,0.690341,0.723484,300,0,1,0),(806581,177724,0,0,0,1,1,2109.42,2492.63,135.095,1.52392,0,0,0.690341,0.723484,300,0,1,0),(806582,177724,0,0,0,1,1,2109.47,2493.78,134.105,1.52392,0,0,0.690341,0.723484,300,0,1,0),(806583,177724,0,0,0,1,1,2109.54,2495.19,133.233,1.52392,0,0,0.690341,0.723484,300,0,1,0),(806584,177724,0,0,0,1,1,2109.6,2496.46,132.243,1.52392,0,0,0.690341,0.723484,300,0,1,0),(806585,177724,0,0,0,1,1,2109.65,2497.58,131.252,1.52392,0,0,0.690341,0.723484,300,0,1,0),(806586,180025,0,0,0,1,1,2084.77,2513.69,131.252,3.01067,0,0,0.997858,0.0654125,300,0,1,0),(806587,180025,0,0,0,1,1,2080.72,2506.08,131.252,3.14026,0,0,1,0.000663833,300,0,1,0),(806588,180025,0,0,0,1,1,2059.87,2509.44,131.251,3.00282,0,0,0.997594,0.0693305,300,0,1,0),(806589,180025,0,0,0,1,1,2073.63,2517.33,131.251,2.71301,0,0,0.977127,0.212656,300,0,1,0),(806590,180025,0,0,0,1,1,2079.01,2519.98,131.251,1.22389,0,0,0.574461,0.818532,300,0,1,0),(806591,180025,0,0,0,1,1,2075.04,2510.68,131.251,0.910517,0,0,0.439695,0.898147,300,0,1,0),(806592,180025,0,0,0,1,1,2065.26,2505.17,131.251,4.78881,0,0,0.679577,-0.733604,300,0,1,0),(806593,180025,0,0,0,1,1,2064.64,2513.21,131.251,4.78881,0,0,0.679577,-0.733604,300,0,1,0),(806500,180025,0,0,0,1,1,2061.92,2520.78,131.251,0.301048,0,0,0.149956,0.988693,300,0,1,0),(806499,180025,0,0,0,1,1,2054.51,2516.12,131.251,0.561801,0,0,0.277221,0.960806,300,0,1,0),(806498,180025,0,0,0,1,1,2046.47,2513.42,131.251,4.0686,0,0,0.894491,-0.447086,300,0,1,0),(806497,180025,0,0,0,1,1,2051.09,2519.58,131.251,4.48643,0,0,0.782316,-0.622882,300,0,1,0),(806496,180025,0,0,0,1,1,2050.72,2507.22,131.251,3.17404,0,0,0.999868,-0.0162209,300,0,1,0),(806495,164729,0,0,0,1,1,2069.86,2522.34,131.251,6.17662,0,0,0.0532572,-0.998581,300,0,1,0),(806494,164729,0,0,0,1,1,2077.15,2521.56,131.251,6.25909,0,0,0.0120493,-0.999927,300,0,1,0),(806493,164729,0,0,0,1,1,2084.86,2521.38,131.251,6.25909,0,0,0.0120493,-0.999927,300,0,1,0),(806492,164729,0,0,0,1,1,2093.62,2521.16,131.251,6.25909,0,0,0.0120493,-0.999927,300,0,1,0),(806491,164729,0,0,0,1,1,2103.11,2520.94,131.252,6.25909,0,0,0.0120493,-0.999927,300,0,1,0),(806490,164729,0,0,0,1,1,2112.5,2520.71,131.252,6.25909,0,0,0.0120493,-0.999927,300,0,1,0),(806609,164729,0,0,0,1,1,2120.73,2516.88,131.252,4.67309,0,0,0.720863,-0.693078,300,0,1,0),(806608,164729,0,0,0,1,1,2120.37,2507.52,131.252,4.67309,0,0,0.720863,-0.693078,300,0,1,0),(806607,164729,0,0,0,1,1,2120,2498.23,131.252,4.67309,0,0,0.720863,-0.693078,300,0,1,0),(806606,164729,0,0,0,1,1,2119.64,2489.03,131.252,4.67309,0,0,0.720863,-0.693078,300,0,1,0),(806605,164729,0,0,0,1,1,2119.3,2480.42,131.252,4.67309,0,0,0.720863,-0.693078,300,0,1,0),(806599,164729,0,0,0,1,1,2118.95,2471.51,131.252,4.67309,0,0,0.720863,-0.693078,300,0,1,0),(806600,164729,0,0,0,1,1,2118.61,2462.82,131.252,4.67309,0,0,0.720863,-0.693078,300,0,1,0),(806601,164729,0,0,0,1,1,2118.27,2454.36,131.252,4.67309,0,0,0.720863,-0.693078,300,0,1,0),(806602,164729,0,0,0,1,1,2099.58,2501.37,131.252,4.70016,0,0,0.711418,-0.702769,300,0,1,0),(806603,164729,0,0,0,1,1,2117.96,2446.37,131.253,4.67309,0,0,0.720863,-0.693078,300,0,1,0),(806489,164729,0,0,0,1,1,2117.68,2437.36,131.251,4.67153,0,0,0.721403,-0.692515,300,0,1,0),(806488,164729,0,0,0,1,1,2117.27,2427.54,131.251,4.67153,0,0,0.721403,-0.692515,300,0,1,0),(806487,164729,0,0,0,1,1,2116.87,2417.59,131.252,4.67153,0,0,0.721403,-0.692515,300,0,1,0),(806486,164729,0,0,0,1,1,2116.48,2408.06,131.252,4.67153,0,0,0.721403,-0.692515,300,0,1,0),(806485,164729,0,0,0,1,1,2116.11,2399.09,131.252,4.67153,0,0,0.721403,-0.692515,300,0,1,0),(806483,164729,0,0,0,1,1,2112.06,2381.31,131.252,3.08896,0,0,0.999654,0.0263144,300,0,1,0),(806594,164729,0,0,0,1,1,2099.24,2381.76,131.252,6.27901,0,0,0.00208989,-0.999998,300,0,1,0),(806484,164729,0,0,0,1,1,2115.71,2389.3,131.252,4.67153,0,0,0.721403,-0.692515,300,0,1,0),(806482,164729,0,0,0,1,1,2095.93,2503.48,131.251,3.14632,0,0,0.999997,-0.00236265,300,0,1,0),(806481,164729,0,0,0,1,1,2086.1,2503.43,131.251,3.14632,0,0,0.999997,-0.00236265,300,0,1,0),(806479,164729,0,0,0,1,1,2067.43,2503.22,131.251,3.15418,0,0,0.99998,-0.00629235,300,0,1,0),(806480,164729,0,0,0,1,1,2076.57,2503.33,131.251,3.15418,0,0,0.99998,-0.00629235,300,0,1,0),(806478,164729,0,0,0,1,1,2099.75,2494,131.252,4.68963,0,0,0.715106,-0.699016,300,0,1,0),(806477,164729,0,0,0,1,1,2099.54,2484.4,131.252,4.68963,0,0,0.715106,-0.699016,300,0,1,0),(806476,164729,0,0,0,1,1,2099.31,2474.57,131.252,4.68963,0,0,0.715106,-0.699016,300,0,1,0),(806475,164729,0,0,0,1,1,2099.11,2465.73,131.252,4.68963,0,0,0.715106,-0.699016,300,0,1,0),(806474,164729,0,0,0,1,1,2098.91,2456.71,131.252,4.68963,0,0,0.715106,-0.699016,300,0,1,0),(806473,164729,0,0,0,1,1,2098.7,2447.87,131.252,4.68963,0,0,0.715106,-0.699016,300,0,1,0),(806472,164729,0,0,0,1,1,2098.51,2439.18,131.252,4.68963,0,0,0.715106,-0.699016,300,0,1,0),(806471,164729,0,0,0,1,1,2098.3,2430.34,131.252,4.68963,0,0,0.715106,-0.699016,300,0,1,0),(806470,164729,0,0,0,1,1,2098.11,2421.63,131.252,4.68963,0,0,0.715106,-0.699016,300,0,1,0),(806469,164729,0,0,0,1,1,2097.92,2413.46,131.252,4.68963,0,0,0.715106,-0.699016,300,0,1,0),(806468,164729,0,0,0,1,1,2097.73,2405.13,131.252,4.68963,0,0,0.715106,-0.699016,300,0,1,0),(806467,186858,0,0,0,1,1,2090.95,2400.22,131.252,4.64252,0,0,0.731374,-0.681977,300,0,1,0),(806597,186858,0,0,0,1,1,2082.34,2400.82,131.252,4.64252,0,0,0.731374,-0.681977,300,0,1,0),(806596,186858,0,0,0,1,1,2073.71,2401.42,131.252,4.64252,0,0,0.731374,-0.681977,300,0,1,0),(806466,186858,0,0,0,1,1,2088.79,2381.36,131.252,1.41454,0,0,0.64976,0.760139,300,0,1,0),(806465,186858,0,0,0,1,1,2082.11,2382.41,131.252,1.41454,0,0,0.64976,0.760139,300,0,1,0),(806464,186858,0,0,0,1,1,2072.45,2383.94,131.253,1.41454,0,0,0.64976,0.760139,300,0,1,0),(806463,164729,0,0,0,1,1,2033.09,2507.35,131.252,5.53404,0,0,0.365873,-0.930665,300,0,1,0),(806462,164729,0,0,0,1,1,2024.77,2508.58,131.252,0.00483966,0,0,0.00241983,0.999997,300,0,1,0),(806461,164729,0,0,0,1,1,2017.77,2503.79,131.252,0.747041,0,0,0.364896,0.931048,300,0,1,0),(806460,164729,0,0,0,1,1,2021.4,2518.86,131.252,0.688137,0,0,0.33732,0.94139,300,0,1,0),(806459,164729,0,0,0,1,1,2014,2512.78,131.253,0.688137,0,0,0.33732,0.94139,300,0,1,0),(806458,164729,0,0,0,1,1,2006.42,2511.76,131.253,0.00091362,0,0,0.00045681,1,300,0,1,0),(806456,164729,0,0,0,1,1,2001.4,2517.8,131.252,5.21203,0,0,0.51034,-0.859973,300,0,1,0),(806457,164729,0,0,0,1,1,1998.23,2524.01,131.252,5.10993,0,0,0.553556,-0.832812,300,0,1,0),(806455,164729,0,0,0,1,1,1993,2507.24,131.252,5.42408,0,0,0.416463,-0.909153,300,0,1,0),(806454,164729,0,0,0,1,1,1985.25,2508.6,131.252,6.26368,0,0,0.00975227,-0.999952,300,0,1,0),(806453,164729,0,0,0,1,1,1978.93,2502.94,131.253,0.966169,0,0,0.464513,0.885566,300,0,1,0),(806452,13952,0,0,0,1,1,1941.12,2525.9,132.495,3.14347,0,0,1,-0.000940128,300,0,1,0),(806451,13952,0,0,0,1,1,1940.43,2523.92,132.495,3.02959,0,0,0.998432,0.055972,300,0,1,0),(806450,13952,0,0,0,1,1,1940.12,2521.31,132.495,2.97854,0,0,0.996679,0.0814364,300,0,1,0),(806449,13952,0,0,0,1,1,1939.45,2518.32,132.495,3.0453,0,0,0.998841,0.0481287,300,0,1,0),(806448,13952,0,0,0,1,1,1939.21,2515.85,132.495,3.01388,0,0,0.997962,0.0638119,300,0,1,0),(806447,13952,0,0,0,1,1,1938.87,2513.25,132.495,3.07671,0,0,0.999474,0.0324336,300,0,1,0),(806446,13952,0,0,0,1,1,1938.64,2510.6,132.495,3.04923,0,0,0.998934,0.0461674,300,0,1,0),(806445,13952,0,0,0,1,1,1938.32,2508.08,132.495,3.06965,0,0,0.999353,0.0359659,300,0,1,0),(806444,13952,0,0,0,1,1,1938.05,2505,132.495,3.01074,0,0,0.99786,0.0653794,300,0,1,0),(806443,13952,0,0,0,1,1,1937.72,2502.52,132.495,3.01074,0,0,0.99786,0.0653794,300,0,1,0),(806442,201752,0,0,0,1,1,1943.12,2501.79,131.252,3.01074,0,0,0.99786,0.0653794,300,0,1,0),(806440,201752,0,0,0,1,1,1943.42,2504.11,131.252,3.01074,0,0,0.99786,0.0653794,300,0,1,0),(806439,201752,0,0,0,1,1,1943.79,2506.88,131.252,3.01074,0,0,0.99786,0.0653794,300,0,1,0),(806438,201752,0,0,0,1,1,1944.15,2509.66,131.252,3.01074,0,0,0.99786,0.0653794,300,0,1,0),(806437,201752,0,0,0,1,1,1944.49,2512.19,131.252,3.01074,0,0,0.99786,0.0653794,300,0,1,0),(806436,201752,0,0,0,1,1,1944.88,2515.19,131.252,3.01074,0,0,0.99786,0.0653794,300,0,1,0),(806435,201752,0,0,0,1,1,1945.25,2517.97,131.252,3.01074,0,0,0.99786,0.0653794,300,0,1,0),(806434,201752,0,0,0,1,1,1945.58,2520.52,131.252,3.01074,0,0,0.99786,0.0653794,300,0,1,0),(806433,201752,0,0,0,1,1,1945.95,2523.29,131.252,3.01074,0,0,0.99786,0.0653794,300,0,1,0),(806432,201752,0,0,0,1,1,1943.32,2524.58,131.252,3.01074,0,0,0.99786,0.0653794,300,0,1,0),(806431,201752,0,0,0,1,1,1943.03,2522.38,131.252,3.01074,0,0,0.99786,0.0653794,300,0,1,0),(806430,201752,0,0,0,1,1,1942.64,2519.37,131.252,3.01074,0,0,0.99786,0.0653794,300,0,1,0),(806429,201752,0,0,0,1,1,1942.32,2516.94,131.252,3.01074,0,0,0.99786,0.0653794,300,0,1,0),(806428,201752,0,0,0,1,1,1941.97,2514.29,131.252,3.01074,0,0,0.99786,0.0653794,300,0,1,0),(806427,201752,0,0,0,1,1,1941.6,2511.51,131.252,3.01074,0,0,0.99786,0.0653794,300,0,1,0),(806426,201752,0,0,0,1,1,1941.24,2508.73,131.252,3.01074,0,0,0.99786,0.0653794,300,0,1,0),(806425,201752,0,0,0,1,1,1940.89,2506.08,131.252,3.01074,0,0,0.99786,0.0653794,300,0,1,0),(806424,201752,0,0,0,1,1,1940.57,2503.68,131.252,3.01074,0,0,0.99786,0.0653794,300,0,1,0),(806423,201752,0,0,0,1,1,1940.25,2501.26,131.252,3.01074,0,0,0.99786,0.0653794,300,0,1,0),(806422,201752,0,0,0,1,1,1940.93,2525.89,131.252,2.99111,0,0,0.997171,0.0751726,300,0,1,0),(806421,201752,0,0,0,1,1,1940.56,2523.91,131.252,2.99111,0,0,0.997171,0.0751726,300,0,1,0),(806420,201752,0,0,0,1,1,1940.17,2521.37,131.252,2.99111,0,0,0.997171,0.0751726,300,0,1,0),(806419,201752,0,0,0,1,1,1939.72,2518.37,131.252,2.99111,0,0,0.997171,0.0751726,300,0,1,0),(806418,201752,0,0,0,1,1,1939.32,2515.72,131.252,2.99111,0,0,0.997171,0.0751726,300,0,1,0),(806417,201752,0,0,0,1,1,1938.95,2513.3,131.252,2.99111,0,0,0.997171,0.0751726,300,0,1,0),(806416,201752,0,0,0,1,1,1938.55,2510.64,131.252,2.99111,0,0,0.997171,0.0751726,300,0,1,0),(806415,201752,0,0,0,1,1,1938.13,2507.86,131.252,2.99111,0,0,0.997171,0.0751726,300,0,1,0),(806411,106528,0,0,0,1,1,1924.08,2424.06,131.252,4.48369,0,0,0.783169,-0.621809,300,0,1,0),(806410,106528,0,0,0,1,1,1926.9,2429.73,131.252,4.57245,0,0,0.754811,-0.655942,300,0,1,0),(806409,106528,0,0,0,1,1,1921.7,2430.42,131.252,4.60779,0,0,0.743103,-0.669177,300,0,1,0),(806408,106528,0,0,0,1,1,1916.02,2433.62,132.381,4.84734,0,0,0.657822,-0.753173,300,0,1,0),(806413,201752,0,0,0,1,1,1937.3,2502.44,131.252,3.05001,0,0,0.998952,0.0457751,300,0,1,0),(806414,201752,0,0,0,1,1,1937.71,2505.1,131.252,2.99111,0,0,0.997171,0.0751726,300,0,1,0),(806407,184689,0,0,0,1,1,1919.11,2483.07,131.252,5.15113,0,0,0.536283,-0.844038,300,0,1,0),(806406,184689,0,0,0,1,1,1912.8,2481.94,131.252,1.76606,0,0,0.772667,0.634812,300,0,1,0),(806405,184689,0,0,0,1,1,1910.16,2483.33,131.253,2.1398,0,0,0.877153,0.480211,300,0,1,0),(806404,184689,0,0,0,1,1,1908.01,2482.45,131.252,1.8312,0,0,0.792928,0.609315,300,0,1,0),(806403,184689,0,0,0,1,1,1905.03,2483.54,131.252,1.44479,0,0,0.661183,0.750225,300,0,1,0),(806402,184689,0,0,0,1,1,1921.2,2484.45,131.252,0.530919,0,0,0.262353,0.964972,300,0,1,0),(806401,184689,0,0,0,1,1,1923.73,2485.32,131.252,1.31632,0,0,0.611662,0.791119,300,0,1,0),(806400,184689,0,0,0,1,1,1925.26,2486.82,131.252,0.924563,0,0,0.445991,0.895037,300,0,1,0),(806412,106528,0,0,0,1,1,1912.12,2428.14,131.252,4.67219,0,0,0.721176,-0.692752,300,0,1,0),(806399,177724,0,0,0,1,1,1925.45,2445.52,134.223,4.78338,0,0,0.681568,-0.731755,300,0,1,0),(806398,177724,0,0,0,1,1,1925.45,2445.52,133.233,4.78338,0,0,0.681568,-0.731755,300,0,1,0),(806397,177724,0,0,0,1,1,1925.45,2445.52,132.242,4.78338,0,0,0.681568,-0.731755,300,0,1,0),(806396,177724,0,0,0,1,1,1925.45,2445.52,131.252,4.78338,0,0,0.681568,-0.731755,300,0,1,0),(806395,180035,0,0,0,1,1,1910.35,2454.44,133.741,0.0120769,0,0,0.00603839,0.999982,300,0,1,0),(806394,180035,0,0,0,1,1,1910.35,2454.44,133.326,0.0120769,0,0,0.00603839,0.999982,300,0,1,0),(806393,180035,0,0,0,1,1,1910.35,2454.44,132.912,0.0120769,0,0,0.00603839,0.999982,300,0,1,0),(806392,180035,0,0,0,1,1,1910.35,2454.44,132.497,0.0120769,0,0,0.00603839,0.999982,300,0,1,0),(806391,180035,0,0,0,1,1,1910.35,2454.44,132.082,0.0120769,0,0,0.00603839,0.999982,300,0,1,0),(806390,180035,0,0,0,1,1,1910.35,2454.44,131.667,0.0120769,0,0,0.00603839,0.999982,300,0,1,0),(806389,180035,0,0,0,1,1,1910.35,2454.44,131.252,0.0120769,0,0,0.00603839,0.999982,300,0,1,0),(806388,180035,0,0,0,1,1,1919.69,2449.81,134.157,5.39599,0,0,0.42919,-0.903214,300,0,1,0),(806387,180035,0,0,0,1,1,1919.69,2449.81,133.742,5.39599,0,0,0.42919,-0.903214,300,0,1,0),(806386,180035,0,0,0,1,1,1919.69,2449.81,133.327,5.39599,0,0,0.42919,-0.903214,300,0,1,0),(806385,180035,0,0,0,1,1,1919.69,2449.81,132.912,5.39599,0,0,0.42919,-0.903214,300,0,1,0),(806384,180035,0,0,0,1,1,1919.69,2449.81,132.497,5.39599,0,0,0.42919,-0.903214,300,0,1,0),(806383,180035,0,0,0,1,1,1919.69,2449.81,132.082,5.39599,0,0,0.42919,-0.903214,300,0,1,0),(806382,180035,0,0,0,1,1,1919.69,2449.81,131.667,5.39599,0,0,0.42919,-0.903214,300,0,1,0),(806381,180035,0,0,0,1,1,1919.69,2449.81,131.252,5.39599,0,0,0.42919,-0.903214,300,0,1,0),(806380,180035,0,0,0,1,1,1927.34,2439.75,134.57,4.76375,0,0,0.688716,-0.725031,300,0,1,0),(806379,180035,0,0,0,1,1,1927.34,2439.75,134.155,4.76375,0,0,0.688716,-0.725031,300,0,1,0),(806378,180035,0,0,0,1,1,1927.34,2439.75,133.741,4.76375,0,0,0.688716,-0.725031,300,0,1,0),(806377,180035,0,0,0,1,1,1927.34,2439.75,133.326,4.76375,0,0,0.688716,-0.725031,300,0,1,0),(806376,180035,0,0,0,1,1,1927.34,2439.75,132.911,4.76375,0,0,0.688716,-0.725031,300,0,1,0),(806375,180035,0,0,0,1,1,1927.34,2439.75,132.497,4.76375,0,0,0.688716,-0.725031,300,0,1,0),(806374,180035,0,0,0,1,1,1927.34,2439.75,132.082,4.76375,0,0,0.688716,-0.725031,300,0,1,0),(806373,180035,0,0,0,1,1,1927.34,2439.75,131.667,4.76375,0,0,0.688716,-0.725031,300,0,1,0),(806372,180035,0,0,0,1,1,1927.34,2439.75,131.252,4.75197,0,0,0.692975,-0.720962,300,0,1,0),(806371,180035,0,0,0,1,1,1923.72,2438.56,134.571,4.68522,0,0,0.716648,-0.697435,300,0,1,0),(806370,180035,0,0,0,1,1,1923.72,2438.56,134.157,4.68522,0,0,0.716648,-0.697435,300,0,1,0),(806369,180035,0,0,0,1,1,1923.72,2438.56,133.742,4.68522,0,0,0.716648,-0.697435,300,0,1,0),(806368,180035,0,0,0,1,1,1923.72,2438.56,133.327,4.68522,0,0,0.716648,-0.697435,300,0,1,0),(806367,180035,0,0,0,1,1,1923.72,2438.56,132.912,4.68522,0,0,0.716648,-0.697435,300,0,1,0),(806366,180035,0,0,0,1,1,1923.72,2438.56,132.497,4.68522,0,0,0.716648,-0.697435,300,0,1,0),(806365,180035,0,0,0,1,1,1923.72,2438.56,132.082,4.68522,0,0,0.716648,-0.697435,300,0,1,0),(806364,180035,0,0,0,1,1,1923.72,2438.56,131.667,4.68522,0,0,0.716648,-0.697435,300,0,1,0),(806363,180035,0,0,0,1,1,1923.72,2438.56,131.253,4.73627,0,0,0.698615,-0.715498,300,0,1,0),(806362,180035,0,0,0,1,1,1919.49,2438.77,133.743,4.686,0,0,0.716375,-0.697716,300,0,1,0),(806361,180035,0,0,0,1,1,1919.49,2438.77,133.328,4.686,0,0,0.716375,-0.697716,300,0,1,0),(806360,180035,0,0,0,1,1,1919.49,2438.77,132.912,4.686,0,0,0.716375,-0.697716,300,0,1,0),(806359,180035,0,0,0,1,1,1919.49,2438.77,132.498,4.686,0,0,0.716375,-0.697716,300,0,1,0),(806358,180035,0,0,0,1,1,1919.49,2438.77,132.083,4.686,0,0,0.716375,-0.697716,300,0,1,0),(806357,180035,0,0,0,1,1,1919.49,2438.77,131.668,4.686,0,0,0.716375,-0.697716,300,0,1,0),(806356,180035,0,0,0,1,1,1919.49,2438.77,131.253,4.72527,0,0,0.702538,-0.711646,300,0,1,0),(806355,180035,0,0,0,1,1,1913.34,2431.71,134.572,3.10735,0,0,0.999853,0.0171204,300,0,1,0),(806354,180035,0,0,0,1,1,1913.34,2431.71,134.157,3.10735,0,0,0.999853,0.0171204,300,0,1,0),(806353,180035,0,0,0,1,1,1913.34,2431.71,133.742,3.10735,0,0,0.999853,0.0171204,300,0,1,0),(806352,180035,0,0,0,1,1,1913.34,2431.71,133.327,3.10735,0,0,0.999853,0.0171204,300,0,1,0),(806351,180035,0,0,0,1,1,1913.34,2431.71,132.912,3.10735,0,0,0.999853,0.0171204,300,0,1,0),(806350,180035,0,0,0,1,1,1913.34,2431.71,132.497,3.10735,0,0,0.999853,0.0171204,300,0,1,0),(806349,180035,0,0,0,1,1,1913.34,2431.71,132.082,3.10735,0,0,0.999853,0.0171204,300,0,1,0),(806348,180035,0,0,0,1,1,1913.34,2431.71,131.667,3.10735,0,0,0.999853,0.0171204,300,0,1,0),(806347,180035,0,0,0,1,1,1913.34,2431.71,131.252,3.08442,0,0,0.999591,0.0285835,300,0,1,0),(806346,180035,0,0,0,1,1,1923.74,2428.55,134.155,0.0135092,0,0,0.00675457,0.999977,300,0,1,0),(806345,180035,0,0,0,1,1,1923.74,2428.55,133.741,0.0135092,0,0,0.00675457,0.999977,300,0,1,0),(806344,180035,0,0,0,1,1,1923.74,2428.55,133.326,0.0135092,0,0,0.00675457,0.999977,300,0,1,0),(806343,180035,0,0,0,1,1,1923.74,2428.55,132.911,0.0135092,0,0,0.00675457,0.999977,300,0,1,0),(806342,180035,0,0,0,1,1,1923.74,2428.55,132.496,0.0135092,0,0,0.00675457,0.999977,300,0,1,0),(806341,180035,0,0,0,1,1,1923.74,2428.55,132.082,0.0135092,0,0,0.00675457,0.999977,300,0,1,0),(806340,180035,0,0,0,1,1,1923.74,2428.55,131.667,0.0135092,0,0,0.00675457,0.999977,300,0,1,0),(806339,180035,0,0,0,1,1,1923.74,2428.55,131.252,0.0292172,0,0,0.0146081,0.999893,300,0,1,0),(806338,180035,0,0,0,1,1,1912.93,2425.72,134.571,3.10406,0,0,0.999824,0.0187655,300,0,1,0),(806337,180035,0,0,0,1,1,1912.93,2425.72,134.156,3.10406,0,0,0.999824,0.0187655,300,0,1,0),(806336,180035,0,0,0,1,1,1912.93,2425.72,133.741,3.10406,0,0,0.999824,0.0187655,300,0,1,0),(806335,180035,0,0,0,1,1,1912.93,2425.72,133.327,3.10406,0,0,0.999824,0.0187655,300,0,1,0),(806334,180035,0,0,0,1,1,1912.93,2425.72,132.912,3.10406,0,0,0.999824,0.0187655,300,0,1,0),(806333,180035,0,0,0,1,1,1912.93,2425.72,132.497,3.10406,0,0,0.999824,0.0187655,300,0,1,0),(806332,180035,0,0,0,1,1,1912.93,2425.72,132.082,3.10406,0,0,0.999824,0.0187655,300,0,1,0),(806331,180035,0,0,0,1,1,1912.93,2425.72,131.667,3.10406,0,0,0.999824,0.0187655,300,0,1,0),(806330,180035,0,0,0,1,1,1912.93,2425.72,131.252,3.10406,0,0,0.999824,0.0187655,300,0,1,0),(806329,180035,0,0,0,1,1,1922.98,2422.58,134.157,0.0527859,0,0,0.0263899,0.999652,300,0,1,0),(806328,180035,0,0,0,1,1,1922.98,2422.58,133.742,0.0527859,0,0,0.0263899,0.999652,300,0,1,0),(806327,180035,0,0,0,1,1,1922.98,2422.58,133.327,0.0527859,0,0,0.0263899,0.999652,300,0,1,0),(806326,180035,0,0,0,1,1,1922.98,2422.58,132.912,0.0527859,0,0,0.0263899,0.999652,300,0,1,0),(806325,164729,0,0,0,1,1,1964.14,2386.02,136.756,6.27548,0,0,0.00385227,-0.999993,300,0,1,0),(806324,180035,0,0,0,1,1,1922.98,2422.58,132.497,0.0527859,0,0,0.0263899,0.999652,300,0,1,0),(806323,164729,0,0,0,1,1,1970.71,2385.65,136.74,6.23228,0,0,0.0254479,-0.999676,300,0,1,0),(806321,180035,0,0,0,1,1,1922.98,2422.58,131.668,0.0527859,0,0,0.0263899,0.999652,300,0,1,0),(806320,180035,0,0,0,1,1,1922.98,2422.58,131.253,0.0527859,0,0,0.0263899,0.999652,300,0,1,0),(806319,164729,0,0,0,1,1,1953.26,2386.4,136.628,3.11033,0,0,0.999878,0.0156315,300,0,1,0),(806318,164729,0,0,0,1,1,1960.84,2386.16,136.739,3.11033,0,0,0.999878,0.0156315,300,0,1,0),(806322,180035,0,0,0,1,1,1922.98,2422.58,132.083,0.0527859,0,0,0.0263899,0.999652,300,0,1,0),(806317,164729,0,0,0,1,1,1978.3,2385.61,136.686,3.11033,0,0,0.999878,0.0156315,300,0,1,0),(806316,164729,0,0,0,1,1,1988.15,2385.31,136.738,3.11033,0,0,0.999878,0.0156315,300,0,1,0),(806314,164729,0,0,0,1,1,2005.6,2384.76,136.74,3.11033,0,0,0.999878,0.0156315,300,0,1,0),(806315,164729,0,0,0,1,1,1995.14,2385.09,136.602,3.11033,0,0,0.999878,0.0156315,300,0,1,0),(806313,180006,0,0,0,1,1,1940.02,2388.87,131.252,0.00896907,0,0,0.00448452,0.99999,300,0,1,0),(806312,180006,0,0,0,1,1,1939.98,2393.66,131.252,0.00896907,0,0,0.00448452,0.99999,300,0,1,0),(806311,180006,0,0,0,1,1,1939.94,2398.2,131.252,0.00896907,0,0,0.00448452,0.99999,300,0,1,0),(806310,180006,0,0,0,1,1,1939.9,2402.29,131.252,0.032531,0,0,0.0162648,0.999868,300,0,1,0),(806309,180006,0,0,0,1,1,1944.81,2404.38,131.252,6.26859,0,0,0.00729641,-0.999973,300,0,1,0),(806308,180006,0,0,0,1,1,1944.75,2400.07,131.252,6.26859,0,0,0.00729641,-0.999973,300,0,1,0),(806307,180006,0,0,0,1,1,1944.69,2396,131.252,6.26859,0,0,0.00729641,-0.999973,300,0,1,0),(806306,180006,0,0,0,1,1,1944.62,2391.56,131.252,6.27252,0,0,0.00533307,-0.999986,300,0,1,0),(806305,180006,0,0,0,1,1,1949.09,2389.39,131.252,6.2411,0,0,0.0210405,-0.999779,300,0,1,0),(806304,180006,0,0,0,1,1,1949.28,2393.82,131.252,6.2411,0,0,0.0210405,-0.999779,300,0,1,0),(806303,180006,0,0,0,1,1,1949.44,2397.67,131.252,6.2411,0,0,0.0210405,-0.999779,300,0,1,0),(806302,180006,0,0,0,1,1,1949.61,2401.74,131.252,6.2411,0,0,0.0210405,-0.999779,300,0,1,0),(806301,180006,0,0,0,1,1,1954.22,2387.74,131.252,0.00503874,0,0,0.00251937,0.999997,300,0,1,0),(806300,180006,0,0,0,1,1,1954.19,2391.51,131.252,0.00503874,0,0,0.00251937,0.999997,300,0,1,0),(806299,180006,0,0,0,1,1,1954.17,2395.7,131.252,0.00503874,0,0,0.00251937,0.999997,300,0,1,0),(806295,164729,0,0,0,1,1,1920.26,2525.71,131.252,3.51577,0,0,0.98255,-0.186001,300,0,1,0),(806294,164729,0,0,0,1,1,1913.24,2521.31,131.252,3.98309,0,0,0.912784,-0.408442,300,0,1,0),(806293,164729,0,0,0,1,1,1908.08,2514.97,131.252,4.10089,0,0,0.887156,-0.461469,300,0,1,0),(806292,164729,0,0,0,1,1,1903.83,2506.99,131.252,4.50144,0,0,0.77762,-0.628734,300,0,1,0),(806291,164729,0,0,0,1,1,1902.87,2497.53,131.252,4.74884,0,0,0.694103,-0.719876,300,0,1,0),(806290,164729,0,0,0,1,1,1903.21,2488.09,131.252,4.74884,0,0,0.694103,-0.719876,300,0,1,0),(806289,164729,0,0,0,1,1,1903.55,2478.72,131.252,4.74884,0,0,0.694103,-0.719876,300,0,1,0),(806288,164729,0,0,0,1,1,1903.9,2469.29,131.252,4.74884,0,0,0.694103,-0.719876,300,0,1,0),(806287,164729,0,0,0,1,1,1904.25,2459.77,131.252,4.74884,0,0,0.694103,-0.719876,300,0,1,0),(806286,164729,0,0,0,1,1,1904.6,2450.02,131.252,4.74884,0,0,0.694103,-0.719876,300,0,1,0),(806285,164729,0,0,0,1,1,1904.97,2439.9,131.252,4.74884,0,0,0.694103,-0.719876,300,0,1,0),(806284,164729,0,0,0,1,1,1905.3,2430.91,131.252,4.74884,0,0,0.694103,-0.719876,300,0,1,0),(806283,164729,0,0,0,1,1,1906.54,2420.56,131.252,4.99623,0,0,0.599981,-0.800014,300,0,1,0),(806282,164729,0,0,0,1,1,1909.48,2411.06,131.252,5.1023,0,0,0.556729,-0.830694,300,0,1,0),(806281,164729,0,0,0,1,1,1913.71,2402.15,131.252,5.25545,0,0,0.491549,-0.87085,300,0,1,0),(806280,164729,0,0,0,1,1,1919.76,2394.27,131.252,5.5971,0,0,0.336355,-0.941735,300,0,1,0),(806279,164729,0,0,0,1,1,1927.4,2389.15,131.252,5.9034,0,0,0.188754,-0.982024,300,0,1,0),(806278,164729,0,0,0,1,1,1936.99,2386.7,131.252,6.25683,0,0,0.0131791,-0.999913,300,0,1,0),(806277,164729,0,0,0,1,1,1946.73,2386.44,131.252,6.25683,0,0,0.0131791,-0.999913,300,0,1,0),(806276,164729,0,0,0,1,1,1956.77,2386.18,131.252,6.25683,0,0,0.0131791,-0.999913,300,0,1,0),(806275,164729,0,0,0,1,1,1965.91,2385.93,131.252,6.25683,0,0,0.0131791,-0.999913,300,0,1,0),(806274,164729,0,0,0,1,1,1974.71,2385.7,131.252,6.25683,0,0,0.0131791,-0.999913,300,0,1,0),(806273,164729,0,0,0,1,1,2013.22,2384.81,136.691,3.07646,0,0,0.99947,0.032563,300,0,1,0),(806272,164729,0,0,0,1,1,1948.23,2406.57,136.738,3.11338,0,0,0.9999,0.0141083,300,0,1,0),(806271,164729,0,0,0,1,1,1956.68,2406.32,136.74,3.11338,0,0,0.9999,0.0141083,300,0,1,0),(806270,164729,0,0,0,1,1,1965.63,2406.19,136.738,3.11338,0,0,0.9999,0.0141083,300,0,1,0),(806269,164729,0,0,0,1,1,1973.12,2405.98,136.498,3.11338,0,0,0.9999,0.0141083,300,0,1,0),(806268,164729,0,0,0,1,1,1981.86,2405.73,136.755,3.11338,0,0,0.9999,0.0141083,300,0,1,0),(806267,164729,0,0,0,1,1,1990.09,2405.5,136.673,3.11338,0,0,0.9999,0.0141083,300,0,1,0),(806266,164729,0,0,0,1,1,1997.57,2405.29,136.738,3.11338,0,0,0.9999,0.0141083,300,0,1,0),(806265,164729,0,0,0,1,1,2006.3,2405.04,136.738,3.11338,0,0,0.9999,0.0141083,300,0,1,0),(806264,164729,0,0,0,1,1,2015.05,2404.79,136.738,3.11338,0,0,0.9999,0.0141083,300,0,1,0),(806263,185491,0,0,0,1,1,1988.01,2399.92,134.85,2.23957,0,0,0.900007,0.435876,300,0,1,0),(806262,201752,0,0,0,1,1,1989.53,2394.05,136.225,0.114283,0,0,0.0571106,0.998368,300,0,1,0),(806261,201752,0,0,0,1,1,1989.53,2394.05,134.982,0.114283,0,0,0.0571106,0.998368,300,0,1,0),(806260,201752,0,0,0,1,1,1989.53,2394.05,133.739,0.114283,0,0,0.0571106,0.998368,300,0,1,0),(806259,201752,0,0,0,1,1,1989.53,2394.05,132.496,0.114283,0,0,0.0571106,0.998368,300,0,1,0),(806258,201752,0,0,0,1,1,1989.53,2394.05,131.252,0.0789404,0,0,0.0394599,0.999221,300,0,1,0),(806257,201752,0,0,0,1,1,1992.77,2396.14,136.225,0.0161101,0,0,0.00805497,0.999968,300,0,1,0),(806256,201752,0,0,0,1,1,1992.77,2396.14,134.981,0.0161101,0,0,0.00805497,0.999968,300,0,1,0),(806255,201752,0,0,0,1,1,1992.77,2396.14,133.739,0.0161101,0,0,0.00805497,0.999968,300,0,1,0),(806254,201752,0,0,0,1,1,1992.77,2396.14,132.495,0.0161101,0,0,0.00805497,0.999968,300,0,1,0),(806253,201752,0,0,0,1,1,1992.77,2396.14,131.252,0.0161101,0,0,0.00805497,0.999968,300,0,1,0),(806252,181075,0,0,0,1,1,1989.15,2390.36,133.102,0.678203,0,0,0.33264,0.943054,300,0,1,0),(806251,181075,0,0,0,1,1,1997.25,2395.59,132.934,6.25846,0,0,0.0123633,-0.999924,300,0,1,0),(806250,201752,0,0,0,1,1,1994.52,2398.91,136.226,0.289428,0,0,0.144209,0.989547,300,0,1,0),(806249,201752,0,0,0,1,1,1994.52,2398.91,134.983,0.289428,0,0,0.144209,0.989547,300,0,1,0),(806248,201752,0,0,0,1,1,1994.52,2398.91,133.739,0.289428,0,0,0.144209,0.989547,300,0,1,0),(806247,201752,0,0,0,1,1,1994.52,2398.91,132.496,0.289428,0,0,0.144209,0.989547,300,0,1,0),(806246,201752,0,0,0,1,1,1994.52,2398.91,131.253,0.289428,0,0,0.144209,0.989547,300,0,1,0),(806245,201752,0,0,0,1,1,1995.05,2391.36,136.226,6.26631,0,0,0.00843864,-0.999964,300,0,1,0),(806244,201752,0,0,0,1,1,1995.05,2391.36,134.982,6.26631,0,0,0.00843864,-0.999964,300,0,1,0),(806243,201752,0,0,0,1,1,1995.05,2391.36,133.739,6.26631,0,0,0.00843864,-0.999964,300,0,1,0),(806242,201752,0,0,0,1,1,1995.05,2391.36,132.496,6.26631,0,0,0.00843864,-0.999964,300,0,1,0),(806241,201752,0,0,0,1,1,1995.05,2391.36,131.252,6.24275,0,0,0.0202181,-0.999796,300,0,1,0),(806240,201752,0,0,0,1,1,1997.9,2390.3,136.226,6.24746,0,0,0.0178627,-0.99984,300,0,1,0),(806239,201752,0,0,0,1,1,1997.9,2390.3,134.982,6.24746,0,0,0.0178627,-0.99984,300,0,1,0),(806238,201752,0,0,0,1,1,1997.9,2390.3,133.739,6.24746,0,0,0.0178627,-0.99984,300,0,1,0),(806237,201752,0,0,0,1,1,1997.9,2390.3,132.496,6.24746,0,0,0.0178627,-0.99984,300,0,1,0),(806236,201752,0,0,0,1,1,1997.9,2390.3,131.252,6.24746,0,0,0.0178627,-0.99984,300,0,1,0),(806235,201752,0,0,0,1,1,1998.17,2392.27,136.226,6.24745,0,0,0.0178668,-0.99984,300,0,1,0),(806234,201752,0,0,0,1,1,1998.17,2392.27,134.983,6.24745,0,0,0.0178668,-0.99984,300,0,1,0),(806233,201752,0,0,0,1,1,1998.17,2392.27,133.739,6.24745,0,0,0.0178668,-0.99984,300,0,1,0),(806232,201752,0,0,0,1,1,1998.17,2392.27,132.496,6.24745,0,0,0.0178668,-0.99984,300,0,1,0),(806231,201752,0,0,0,1,1,1998.17,2392.27,131.252,6.28279,0,0,0.000196608,-1,300,0,1,0),(806230,201752,0,0,0,1,1,1997.18,2400.87,136.225,0.388382,0,0,0.192973,0.981204,300,0,1,0),(806229,201752,0,0,0,1,1,1997.18,2400.87,134.982,0.388382,0,0,0.192973,0.981204,300,0,1,0),(806228,201752,0,0,0,1,1,1997.18,2400.87,133.739,0.388382,0,0,0.192973,0.981204,300,0,1,0),(806227,201752,0,0,0,1,1,1997.18,2400.87,132.495,0.388382,0,0,0.192973,0.981204,300,0,1,0),(806226,201752,0,0,0,1,1,1997.18,2400.87,131.252,0.388382,0,0,0.192973,0.981204,300,0,1,0),(806225,201752,0,0,0,1,1,1997.81,2398.6,136.225,0.360895,0,0,0.17947,0.983764,300,0,1,0),(806224,201752,0,0,0,1,1,1997.81,2398.6,134.982,0.360895,0,0,0.17947,0.983764,300,0,1,0),(806223,201752,0,0,0,1,1,1997.81,2398.6,133.739,0.360895,0,0,0.17947,0.983764,300,0,1,0),(806222,201752,0,0,0,1,1,1997.81,2398.6,132.496,0.360895,0,0,0.17947,0.983764,300,0,1,0),(806221,201752,0,0,0,1,1,1997.81,2398.6,131.253,0.360895,0,0,0.17947,0.983764,300,0,1,0),(806220,164729,0,0,0,1,1,1980.32,2405.67,131.252,3.04383,0,0,0.998805,0.0488639,300,0,1,0),(806219,164729,0,0,0,1,1,1971,2406.04,131.252,6.27574,0,0,0.003724,-0.999993,300,0,1,0),(806217,164729,0,0,0,1,1,1951.01,2406.19,131.252,6.27574,0,0,0.003724,-0.999993,300,0,1,0),(806215,164729,0,0,0,1,1,1938.47,2408.68,131.252,2.35267,0,0,0.923204,0.384309,300,0,1,0),(806214,164729,0,0,0,1,1,1931.08,2422.68,131.253,4.75046,0,0,0.693518,-0.720439,300,0,1,0),(806213,164729,0,0,0,1,1,1933.18,2414.34,131.252,5.48092,0,0,0.390461,-0.92062,300,0,1,0),(806209,181075,0,0,0,1,1,2000.94,2390.85,133.233,6.26553,0,0,0.00882558,-0.999961,300,0,1,0),(806208,181075,0,0,0,1,1,2002.13,2390.83,132.242,6.26553,0,0,0.00882558,-0.999961,300,0,1,0),(806207,181075,0,0,0,1,1,2003.34,2390.81,131.252,6.26553,0,0,0.00882558,-0.999961,300,0,1,0),(806206,181075,0,0,0,1,1,2001.44,2400.77,133.233,6.19485,0,0,0.0441543,-0.999025,300,0,1,0),(806205,181075,0,0,0,1,1,2002.69,2400.65,132.242,6.19485,0,0,0.0441543,-0.999025,300,0,1,0),(806204,181075,0,0,0,1,1,2003.51,2400.58,131.252,6.26553,0,0,0.00882558,-0.999961,300,0,1,0),(806210,193612,0,0,0,1,1,1983.08,2404.11,134.124,6.25139,0,0,0.0158991,-0.999874,300,0,1,0),(806211,193612,0,0,0,1,1,1983,2397.94,134.11,6.25139,0,0,0.0158991,-0.999874,300,0,1,0),(806212,193612,0,0,0,1,1,1983.18,2388.25,134.163,0.0703025,0,0,0.035144,0.999382,300,0,1,0),(806218,164729,0,0,0,1,1,1961,2406.12,131.252,6.27574,0,0,0.003724,-0.999993,300,0,1,0),(806203,164729,0,0,0,1,1,1931.1,2430.26,131.252,4.73176,0,0,0.700225,-0.713922,300,0,1,0),(806202,164729,0,0,0,1,1,1930.93,2439.01,131.252,4.73176,0,0,0.700225,-0.713922,300,0,1,0),(806201,164729,0,0,0,1,1,1930.76,2447.76,131.252,4.73176,0,0,0.700225,-0.713922,300,0,1,0),(806200,164729,0,0,0,1,1,1930.59,2456.57,131.252,4.73176,0,0,0.700225,-0.713922,300,0,1,0),(806199,164729,0,0,0,1,1,1930,2464.09,131.252,4.77889,0,0,0.68321,-0.730222,300,0,1,0),(806198,164729,0,0,0,1,1,1929.42,2472.82,131.252,4.77889,0,0,0.68321,-0.730222,300,0,1,0),(806197,164729,0,0,0,1,1,1928.92,2480.3,131.252,4.77889,0,0,0.68321,-0.730222,300,0,1,0),(806196,164729,0,0,0,1,1,1928.34,2489.03,131.252,4.77889,0,0,0.68321,-0.730222,300,0,1,0),(806195,164729,0,0,0,1,1,1927.76,2497.67,131.252,4.77496,0,0,0.684642,-0.728879,300,0,1,0),(806194,193612,0,0,0,1,1,1983.15,2386.96,131.252,3.12108,0,0,0.999947,0.010254,300,0,1,0),(806193,193612,0,0,0,1,1,1983.26,2392.09,131.252,3.12108,0,0,0.999947,0.010254,300,0,1,0),(806192,193612,0,0,0,1,1,1983.38,2397.92,131.252,3.12108,0,0,0.999947,0.010254,300,0,1,0),(806191,193612,0,0,0,1,1,1983.5,2403.82,131.252,3.12108,0,0,0.999947,0.010254,300,0,1,0),(806190,201752,0,0,0,1,1,2018.27,2385.99,132.496,3.24755,0,0,0.998597,-0.0529552,300,0,1,0),(806189,201752,0,0,0,1,1,2017.83,2386.02,131.252,3.29468,0,0,0.997072,-0.0764672,300,0,1,0),(806188,201752,0,0,0,1,1,2017.21,2385.91,132.355,3.25933,0,0,0.998268,-0.0588365,300,0,1,0),(806187,201752,0,0,0,1,1,2023.11,2400.64,131.252,3.02921,0,0,0.998422,0.0561609,300,0,1,0),(806186,201752,0,0,0,1,1,2020.5,2400.94,132.496,3.02921,0,0,0.998422,0.0561609,300,0,1,0),(806185,201752,0,0,0,1,1,2020.5,2400.94,131.253,3.02921,0,0,0.998422,0.0561609,300,0,1,0),(806184,201752,0,0,0,1,1,2022.62,2397.54,131.253,3.06063,0,0,0.999181,0.0404714,300,0,1,0),(806183,201752,0,0,0,1,1,2020.38,2397.72,132.497,3.06063,0,0,0.999181,0.0404714,300,0,1,0),(806598,201752,0,0,0,1,1,2020.38,2397.72,131.252,3.06455,0,0,0.999258,0.0385095,300,0,1,0),(806182,201752,0,0,0,1,1,2022.47,2394.35,131.252,3.0622,0,0,0.999212,0.0396866,300,0,1,0),(806181,201752,0,0,0,1,1,2022.47,2394.35,131.252,3.0622,0,0,0.999212,0.0396866,300,0,1,0),(806180,201752,0,0,0,1,1,2020.51,2394.5,132.496,3.0622,0,0,0.999212,0.0396866,300,0,1,0),(806179,201752,0,0,0,1,1,2020.42,2394.51,131.252,3.0622,0,0,0.999212,0.0396866,300,0,1,0),(806178,201752,0,0,0,1,1,2022.28,2391.42,131.252,3.00958,0,0,0.997822,0.0659599,300,0,1,0),(806177,201752,0,0,0,1,1,2020.52,2391.65,132.496,3.00958,0,0,0.997822,0.0659599,300,0,1,0),(806176,201752,0,0,0,1,1,2020.52,2391.65,131.252,3.00958,0,0,0.997822,0.0659599,300,0,1,0),(806175,201752,0,0,0,1,1,2021.86,2388.13,131.252,3.04651,0,0,0.99887,0.0475212,300,0,1,0),(806174,201752,0,0,0,1,1,2020.13,2388.3,132.495,3.04651,0,0,0.99887,0.0475212,300,0,1,0),(806173,201752,0,0,0,1,1,2020.13,2388.3,131.252,3.04651,0,0,0.99887,0.0475212,300,0,1,0),(806172,201752,0,0,0,1,1,2015.69,2387.06,134.983,6.19203,0,0,0.0455602,-0.998962,300,0,1,0),(806171,201752,0,0,0,1,1,2015.69,2387.06,133.739,6.19203,0,0,0.0455602,-0.998962,300,0,1,0),(806170,201752,0,0,0,1,1,2015.69,2387.06,132.496,6.19203,0,0,0.0455602,-0.998962,300,0,1,0),(806169,201752,0,0,0,1,1,2015.69,2387.06,131.252,6.19203,0,0,0.0455602,-0.998962,300,0,1,0),(806168,201752,0,0,0,1,1,2015.84,2388.78,132.496,6.19203,0,0,0.0455602,-0.998962,300,0,1,0),(806167,201752,0,0,0,1,1,2015.84,2388.78,131.252,6.19203,0,0,0.0455602,-0.998962,300,0,1,0),(806166,201752,0,0,0,1,1,2016,2390.51,134.984,6.19203,0,0,0.0455602,-0.998962,300,0,1,0),(806165,201752,0,0,0,1,1,2016,2390.51,133.74,6.19203,0,0,0.0455602,-0.998962,300,0,1,0),(806164,201752,0,0,0,1,1,2016,2390.51,132.496,6.19203,0,0,0.0455602,-0.998962,300,0,1,0),(806163,201752,0,0,0,1,1,2016,2390.51,131.252,6.19203,0,0,0.0455602,-0.998962,300,0,1,0),(806162,201752,0,0,0,1,1,2016.13,2391.95,132.497,6.19203,0,0,0.0455602,-0.998962,300,0,1,0),(806161,201752,0,0,0,1,1,2016.13,2391.95,131.252,6.19203,0,0,0.0455602,-0.998962,300,0,1,0),(806160,201752,0,0,0,1,1,2016.27,2393.48,134.983,6.19203,0,0,0.0455602,-0.998962,300,0,1,0),(806159,201752,0,0,0,1,1,2016.27,2393.48,133.739,6.19203,0,0,0.0455602,-0.998962,300,0,1,0),(806158,201752,0,0,0,1,1,2016.27,2393.48,132.496,6.19203,0,0,0.0455602,-0.998962,300,0,1,0),(806157,201752,0,0,0,1,1,2016.27,2393.48,131.252,6.19203,0,0,0.0455602,-0.998962,300,0,1,0),(806156,201752,0,0,0,1,1,2016.4,2394.84,132.496,6.19203,0,0,0.0455602,-0.998962,300,0,1,0),(806155,201752,0,0,0,1,1,2016.4,2394.84,131.252,6.19203,0,0,0.0455602,-0.998962,300,0,1,0),(806154,201752,0,0,0,1,1,2016.55,2396.5,134.982,6.19203,0,0,0.0455602,-0.998962,300,0,1,0),(806153,201752,0,0,0,1,1,2016.55,2396.5,133.739,6.19203,0,0,0.0455602,-0.998962,300,0,1,0),(806152,201752,0,0,0,1,1,2016.55,2396.5,132.496,6.19203,0,0,0.0455602,-0.998962,300,0,1,0),(806151,201752,0,0,0,1,1,2016.55,2396.5,131.253,6.19203,0,0,0.0455602,-0.998962,300,0,1,0),(806150,201752,0,0,0,1,1,2016.69,2398.08,132.497,6.19203,0,0,0.0455602,-0.998962,300,0,1,0),(806149,201752,0,0,0,1,1,2016.69,2398.08,131.252,6.19203,0,0,0.0455602,-0.998962,300,0,1,0),(806148,201752,0,0,0,1,1,2016.84,2399.62,134.986,6.19203,0,0,0.0455602,-0.998962,300,0,1,0),(806147,201752,0,0,0,1,1,2016.84,2399.62,133.741,6.19203,0,0,0.0455602,-0.998962,300,0,1,0),(806146,201752,0,0,0,1,1,2016.84,2399.62,132.497,6.19203,0,0,0.0455602,-0.998962,300,0,1,0),(806145,201752,0,0,0,1,1,2016.84,2399.62,131.253,6.19203,0,0,0.0455602,-0.998962,300,0,1,0),(806144,201752,0,0,0,1,1,2016.98,2401.19,132.496,6.19203,0,0,0.0455602,-0.998962,300,0,1,0),(806143,201752,0,0,0,1,1,2016.98,2401.19,131.252,6.19203,0,0,0.0455602,-0.998962,300,0,1,0),(806142,201752,0,0,0,1,1,2017.1,2402.66,134.984,6.20142,0,0,0.0408714,-0.999164,300,0,1,0),(806141,201752,0,0,0,1,1,2017.1,2402.66,133.74,6.20142,0,0,0.0408714,-0.999164,300,0,1,0),(806140,201752,0,0,0,1,1,2017.1,2402.66,132.496,6.20142,0,0,0.0408714,-0.999164,300,0,1,0),(806139,201752,0,0,0,1,1,2017.1,2402.66,131.252,6.16608,0,0,0.0585199,-0.998286,300,0,1,0),(806138,164729,0,0,0,1,1,1951.2,2527.3,131.252,6.24963,0,0,0.0167788,-0.999859,300,0,1,0),(806296,164729,0,0,0,1,1,1929.27,2527.42,131.252,3.25738,0,0,0.998325,-0.0578604,300,0,1,0),(806297,180006,0,0,0,1,1,1954.12,2404.07,131.252,0.00503874,0,0,0.00251937,0.999997,300,0,1,0),(806298,180006,0,0,0,1,1,1954.14,2399.78,131.252,0.00503874,0,0,0.00251937,0.999997,300,0,1,0),(806136,164729,0,0,0,1,1,1934.86,2527.52,131.252,6.26925,0,0,0.00696597,-0.999976,300,0,1,0),(806135,164729,0,0,0,1,1,1943.61,2527.4,131.252,6.26925,0,0,0.00696597,-0.999976,300,0,1,0),(806137,164729,0,0,0,1,1,1961.11,2527.25,131.252,6.24963,0,0,0.0167788,-0.999859,300,0,1,0),(806134,164729,0,0,0,1,1,2060.58,2523,131.252,6.23391,0,0,0.0246344,-0.999697,300,0,1,0),(806133,164729,0,0,0,1,1,2051.84,2523.43,131.252,6.23391,0,0,0.0246344,-0.999697,300,0,1,0),(806132,164729,0,0,0,1,1,2043.1,2523.86,131.252,6.23391,0,0,0.0246344,-0.999697,300,0,1,0),(806131,164729,0,0,0,1,1,2034.36,2524.3,131.252,6.23391,0,0,0.0246344,-0.999697,300,0,1,0),(806216,164729,0,0,0,1,1,1942.27,2406.36,131.252,6.27966,0,0,0.00176016,-0.999998,300,0,1,0),(806130,164729,0,0,0,1,1,2024.37,2524.79,131.252,6.23391,0,0,0.0246344,-0.999697,300,0,1,0),(806129,164729,0,0,0,1,1,2015.63,2525.22,131.252,6.23391,0,0,0.0246344,-0.999697,300,0,1,0),(806128,164729,0,0,0,1,1,2006.89,2525.65,131.252,6.23391,0,0,0.0246344,-0.999697,300,0,1,0),(806127,164729,0,0,0,1,1,1998.15,2526.08,131.252,6.23391,0,0,0.0246344,-0.999697,300,0,1,0),(806126,164729,0,0,0,1,1,1989.42,2526.51,131.252,6.23391,0,0,0.0246344,-0.999697,300,0,1,0),(806125,164729,0,0,0,1,1,1979.43,2527.01,131.252,6.23391,0,0,0.0246344,-0.999697,300,0,1,0),(806124,164729,0,0,0,1,1,1971.98,2527.17,131.252,6.27318,0,0,0.00500167,-0.999987,300,0,1,0),(806123,179784,0,0,0,1,1,2036.97,2385.35,131.251,6.17786,0,0,0.052636,-0.998614,300,0,1,0),(806122,179784,0,0,0,1,1,2037.32,2388.3,131.251,6.17786,0,0,0.052636,-0.998614,300,0,1,0),(806121,179784,0,0,0,1,1,2037.65,2391.44,131.251,6.17786,0,0,0.052636,-0.998614,300,0,1,0),(806120,179784,0,0,0,1,1,2038,2394.8,131.251,6.17786,0,0,0.052636,-0.998614,300,0,1,0),(806119,179784,0,0,0,1,1,2038.3,2397.6,131.251,6.17786,0,0,0.052636,-0.998614,300,0,1,0),(806118,179784,0,0,0,1,1,2038.59,2400.36,131.252,6.17786,0,0,0.052636,-0.998614,300,0,1,0),(806117,179784,0,0,0,1,1,2038.82,2402.57,131.252,6.17786,0,0,0.052636,-0.998614,300,0,1,0),(806116,179784,0,0,0,1,1,2042.32,2401.56,131.252,6.22891,0,0,0.0271322,-0.999632,300,0,1,0),(806115,179784,0,0,0,1,1,2042.18,2398.99,131.252,6.22891,0,0,0.0271322,-0.999632,300,0,1,0),(806114,179784,0,0,0,1,1,2042,2395.73,131.252,6.22891,0,0,0.0271322,-0.999632,300,0,1,0),(806113,179784,0,0,0,1,1,2041.84,2392.69,131.252,6.22891,0,0,0.0271322,-0.999632,300,0,1,0),(806112,179784,0,0,0,1,1,2041.67,2389.55,131.252,6.22891,0,0,0.0271322,-0.999632,300,0,1,0),(806111,179784,0,0,0,1,1,2041.51,2386.65,131.252,6.22891,0,0,0.0271322,-0.999632,300,0,1,0),(806110,179784,0,0,0,1,1,2044.8,2385.11,131.252,6.26818,0,0,0.00750073,-0.999972,300,0,1,0),(806109,179784,0,0,0,1,1,2044.82,2387.72,131.252,6.26818,0,0,0.00750073,-0.999972,300,0,1,0),(806108,179784,0,0,0,1,1,2044.87,2390.51,131.252,6.26818,0,0,0.00750073,-0.999972,300,0,1,0),(806107,179784,0,0,0,1,1,2044.92,2393.77,131.252,6.26818,0,0,0.00750073,-0.999972,300,0,1,0),(806106,179784,0,0,0,1,1,2044.96,2396.77,131.252,6.26818,0,0,0.00750073,-0.999972,300,0,1,0),(806105,179784,0,0,0,1,1,2045,2399.45,131.252,6.26818,0,0,0.00750073,-0.999972,300,0,1,0),(806103,179784,0,0,0,1,1,2049.02,2400.66,131.252,3.0402,0,0,0.998715,0.050674,300,0,1,0),(806102,179784,0,0,0,1,1,2048.73,2397.76,131.252,3.0402,0,0,0.998715,0.050674,300,0,1,0),(806101,179784,0,0,0,1,1,2048.45,2394.99,131.252,3.0402,0,0,0.998715,0.050674,300,0,1,0),(806100,179784,0,0,0,1,1,2048.14,2391.99,131.252,3.0402,0,0,0.998715,0.050674,300,0,1,0),(806099,179784,0,0,0,1,1,2047.82,2388.86,131.252,3.0402,0,0,0.998715,0.050674,300,0,1,0),(806098,179784,0,0,0,1,1,2047.59,2386.56,131.252,3.0402,0,0,0.998715,0.050674,300,0,1,0),(806104,179784,0,0,0,1,1,2045.04,2402.13,131.252,6.27996,0,0,0.00161043,-0.999999,300,0,1,0),(806085,164729,0,0,0,1,1,2014.69,2501.95,131.252,3.17165,0,0,0.999887,-0.0150284,300,0,1,0),(806097,164729,0,0,0,1,1,1968.69,2527.13,131.252,3.14022,0,0,1,0.00068684,300,0,1,0),(806084,164729,0,0,0,1,1,2023.43,2502.21,131.252,3.17165,0,0,0.999887,-0.0150284,300,0,1,0),(806083,164729,0,0,0,1,1,2023.43,2502.21,131.252,3.17165,0,0,0.999887,-0.0150284,300,0,1,0),(806082,164729,0,0,0,1,1,2032.18,2502.48,131.252,3.17165,0,0,0.999887,-0.0150284,300,0,1,0),(806081,164729,0,0,0,1,1,2040.93,2502.74,131.252,3.17165,0,0,0.999887,-0.0150284,300,0,1,0),(806086,190896,0,0,0,1,1,2061.66,2403.6,138.258,6.22343,0,0,0.029875,-0.999554,300,0,1,0),(806088,164729,0,0,0,1,1,2005.05,2501.66,131.253,3.17165,0,0,0.999887,-0.0150284,300,0,1,0),(806096,164729,0,0,0,1,1,1933.86,2499.52,131.251,3.17165,0,0,0.999887,-0.0150284,300,0,1,0),(806095,164729,0,0,0,1,1,1943.85,2499.82,131.251,3.17165,0,0,0.999887,-0.0150284,300,0,1,0),(806094,164729,0,0,0,1,1,1952.6,2500.09,131.251,3.17165,0,0,0.999887,-0.0150284,300,0,1,0),(806093,164729,0,0,0,1,1,1961.35,2500.35,131.251,3.17165,0,0,0.999887,-0.0150284,300,0,1,0),(806092,164729,0,0,0,1,1,1970.09,2500.61,131.251,3.17165,0,0,0.999887,-0.0150284,300,0,1,0),(806091,164729,0,0,0,1,1,1977.57,2500.84,131.252,3.17165,0,0,0.999887,-0.0150284,300,0,1,0),(806090,164729,0,0,0,1,1,1986.32,2501.1,131.252,3.17165,0,0,0.999887,-0.0150284,300,0,1,0),(806089,164729,0,0,0,1,1,1995.06,2501.36,131.252,3.17165,0,0,0.999887,-0.0150284,300,0,1,0),(806080,164729,0,0,0,1,1,2049.67,2503,131.252,3.17165,0,0,0.999887,-0.0150284,300,0,1,0),(806079,164729,0,0,0,1,1,2058.63,2503.17,131.252,3.14416,0,0,0.999999,-0.00128405,300,0,1,0),(806087,190896,0,0,0,1,1,2058.62,2383.04,137.768,0.00699328,0,0,0.00349664,0.999994,300,0,1,0),(806078,164729,0,0,0,1,1,1983.62,2405.6,131.251,6.2572,0,0,0.0129907,-0.999916,300,0,1,0),(806604,164729,0,0,0,1,1,1992.85,2405.36,131.251,6.2572,0,0,0.0129907,-0.999916,300,0,1,0),(806076,164729,0,0,0,1,1,2002.29,2405.11,131.251,6.2572,0,0,0.0129907,-0.999916,300,0,1,0),(806075,164729,0,0,0,1,1,2011.06,2404.88,131.251,6.2572,0,0,0.0129907,-0.999916,300,0,1,0),(806074,164729,0,0,0,1,1,2020.28,2404.64,131.251,6.2572,0,0,0.0129907,-0.999916,300,0,1,0),(806073,164729,0,0,0,1,1,2029.56,2404.4,131.251,6.2572,0,0,0.0129907,-0.999916,300,0,1,0),(806072,164729,0,0,0,1,1,2038.19,2404.18,131.251,6.2572,0,0,0.0129907,-0.999916,300,0,1,0),(806071,164729,0,0,0,1,1,2046.95,2403.95,131.251,6.2572,0,0,0.0129907,-0.999916,300,0,1,0),(806070,164729,0,0,0,1,1,2056.09,2403.71,131.251,6.2572,0,0,0.0129907,-0.999916,300,0,1,0),(806069,164729,0,0,0,1,1,1983.03,2385.51,131.251,6.25327,0,0,0.0149563,-0.999888,300,0,1,0),(806068,164729,0,0,0,1,1,1991.95,2385.25,131.251,6.25327,0,0,0.0149563,-0.999888,300,0,1,0),(806067,164729,0,0,0,1,1,2000.72,2384.98,131.251,6.25327,0,0,0.0149563,-0.999888,300,0,1,0),(806066,164729,0,0,0,1,1,2009.64,2384.72,131.251,6.25327,0,0,0.0149563,-0.999888,300,0,1,0),(806065,164729,0,0,0,1,1,2018.79,2384.44,131.251,6.25327,0,0,0.0149563,-0.999888,300,0,1,0),(806064,164729,0,0,0,1,1,2027.87,2384.17,131.251,6.25327,0,0,0.0149563,-0.999888,300,0,1,0),(806063,164729,0,0,0,1,1,2036.77,2383.91,131.252,6.25327,0,0,0.0149563,-0.999888,300,0,1,0),(806062,164729,0,0,0,1,1,2045.72,2383.64,131.252,6.25327,0,0,0.0149563,-0.999888,300,0,1,0),(806061,164729,0,0,0,1,1,2054.83,2383.37,131.252,6.25327,0,0,0.0149563,-0.999888,300,0,1,0),(806060,181698,0,0,0,1,1,2064.7,2386.73,131.252,1.50083,0,0,0.681943,0.731406,300,0,1,0),(806059,181698,0,0,0,1,1,2064.81,2388.3,131.252,1.50083,0,0,0.681943,0.731406,300,0,1,0),(806058,181698,0,0,0,1,1,2064.92,2389.87,131.252,1.50083,0,0,0.681943,0.731406,300,0,1,0),(806057,181698,0,0,0,1,1,2065,2391.14,131.252,1.50083,0,0,0.681943,0.731406,300,0,1,0),(806595,181698,0,0,0,1,1,2065.11,2392.94,131.253,4.60237,0,0,0.744914,-0.667161,300,0,1,0),(806056,181698,0,0,0,1,1,2065.21,2394.06,131.252,1.50083,0,0,0.681943,0.731406,300,0,1,0),(806055,181698,0,0,0,1,1,2065.3,2395.41,131.252,1.50083,0,0,0.681943,0.731406,300,0,1,0),(806054,181698,0,0,0,1,1,2065.41,2396.98,131.252,1.50083,0,0,0.681943,0.731406,300,0,1,0),(806053,181698,0,0,0,1,1,2065.52,2398.55,131.252,1.50083,0,0,0.681943,0.731406,300,0,1,0),(806052,181698,0,0,0,1,1,2065.62,2399.9,131.252,1.50083,0,0,0.681943,0.731406,300,0,1,0),(806051,31,0,0,0,1,1,2065.98,2403.36,131.252,4.6652,0,0,0.723591,-0.690229,300,0,1,0),(806050,31,0,0,0,1,1,2065.02,2382.97,131.252,4.6652,0,0,0.723591,-0.690229,300,0,1,0);



DELETE FROM `game_event_gameobject` where `guid` BETWEEN 806050 AND 806609;
INSERT INTO `game_event_gameobject` VALUES
(76,806050),
(76,806051),
(76,806052),
(76,806053),
(76,806054),
(76,806055),
(76,806056),
(76,806057),
(76,806058),
(76,806059),
(76,806060),
(76,806061),
(76,806062),
(76,806063),
(76,806064),
(76,806065),
(76,806066),
(76,806067),
(76,806068),
(76,806069),
(76,806070),
(76,806071),
(76,806072),
(76,806073),
(76,806074),
(76,806075),
(76,806076),
(76,806077),
(76,806078),
(76,806079),
(76,806080),
(76,806081),
(76,806082),
(76,806083),
(76,806084),
(76,806085),
(76,806086),
(76,806087),
(76,806088),
(76,806089),
(76,806090),
(76,806091),
(76,806092),
(76,806093),
(76,806094),
(76,806095),
(76,806096),
(76,806097),
(76,806098),
(76,806099),
(76,806100),
(76,806101),
(76,806102),
(76,806103),
(76,806104),
(76,806105),
(76,806106),
(76,806107),
(76,806108),
(76,806109),
(76,806110),
(76,806111),
(76,806112),
(76,806113),
(76,806114),
(76,806115),
(76,806116),
(76,806117),
(76,806118),
(76,806119),
(76,806120),
(76,806121),
(76,806122),
(76,806123),
(76,806124),
(76,806125),
(76,806126),
(76,806127),
(76,806128),
(76,806129),
(76,806130),
(76,806131),
(76,806132),
(76,806133),
(76,806134),
(76,806135),
(76,806136),
(76,806137),
(76,806138),
(76,806139),
(76,806140),
(76,806141),
(76,806142),
(76,806143),
(76,806144),
(76,806145),
(76,806146),
(76,806147),
(76,806148),
(76,806149),
(76,806150),
(76,806151),
(76,806152),
(76,806153),
(76,806154),
(76,806155),
(76,806156),
(76,806157),
(76,806158),
(76,806159),
(76,806160),
(76,806161),
(76,806162),
(76,806163),
(76,806164),
(76,806165),
(76,806166),
(76,806167),
(76,806168),
(76,806169),
(76,806170),
(76,806171),
(76,806172),
(76,806173),
(76,806174),
(76,806175),
(76,806176),
(76,806177),
(76,806178),
(76,806179),
(76,806180),
(76,806181),
(76,806182),
(76,806183),
(76,806184),
(76,806185),
(76,806186),
(76,806187),
(76,806188),
(76,806189),
(76,806190),
(76,806191),
(76,806192),
(76,806193),
(76,806194),
(76,806195),
(76,806196),
(76,806197),
(76,806198),
(76,806199),
(76,806200),
(76,806201),
(76,806202),
(76,806203),
(76,806204),
(76,806205),
(76,806206),
(76,806207),
(76,806208),
(76,806209),
(76,806210),
(76,806211),
(76,806212),
(76,806213),
(76,806214),
(76,806215),
(76,806216),
(76,806217),
(76,806218),
(76,806219),
(76,806220),
(76,806221),
(76,806222),
(76,806223),
(76,806224),
(76,806225),
(76,806226),
(76,806227),
(76,806228),
(76,806229),
(76,806230),
(76,806231),
(76,806232),
(76,806233),
(76,806234),
(76,806235),
(76,806236),
(76,806237),
(76,806238),
(76,806239),
(76,806240),
(76,806241),
(76,806242),
(76,806243),
(76,806244),
(76,806245),
(76,806246),
(76,806247),
(76,806248),
(76,806249),
(76,806250),
(76,806251),
(76,806252),
(76,806253),
(76,806254),
(76,806255),
(76,806256),
(76,806257),
(76,806258),
(76,806259),
(76,806260),
(76,806261),
(76,806262),
(76,806263),
(76,806264),
(76,806265),
(76,806266),
(76,806267),
(76,806268),
(76,806269),
(76,806270),
(76,806271),
(76,806272),
(76,806273),
(76,806274),
(76,806275),
(76,806276),
(76,806277),
(76,806278),
(76,806279),
(76,806280),
(76,806281),
(76,806282),
(76,806283),
(76,806284),
(76,806285),
(76,806286),
(76,806287),
(76,806288),
(76,806289),
(76,806290),
(76,806291),
(76,806292),
(76,806293),
(76,806294),
(76,806295),
(76,806296),
(76,806297),
(76,806298),
(76,806299),
(76,806300),
(76,806301),
(76,806302),
(76,806303),
(76,806304),
(76,806305),
(76,806306),
(76,806307),
(76,806308),
(76,806309),
(76,806310),
(76,806311),
(76,806312),
(76,806313),
(76,806314),
(76,806315),
(76,806316),
(76,806317),
(76,806318),
(76,806319),
(76,806320),
(76,806321),
(76,806322),
(76,806323),
(76,806324),
(76,806325),
(76,806326),
(76,806327),
(76,806328),
(76,806329),
(76,806330),
(76,806331),
(76,806332),
(76,806333),
(76,806334),
(76,806335),
(76,806336),
(76,806337),
(76,806338),
(76,806339),
(76,806340),
(76,806341),
(76,806342),
(76,806343),
(76,806344),
(76,806345),
(76,806346),
(76,806347),
(76,806348),
(76,806349),
(76,806350),
(76,806351),
(76,806352),
(76,806353),
(76,806354),
(76,806355),
(76,806356),
(76,806357),
(76,806358),
(76,806359),
(76,806360),
(76,806361),
(76,806362),
(76,806363),
(76,806364),
(76,806365),
(76,806366),
(76,806367),
(76,806368),
(76,806369),
(76,806370),
(76,806371),
(76,806372),
(76,806373),
(76,806374),
(76,806375),
(76,806376),
(76,806377),
(76,806378),
(76,806379),
(76,806380),
(76,806381),
(76,806382),
(76,806383),
(76,806384),
(76,806385),
(76,806386),
(76,806387),
(76,806388),
(76,806389),
(76,806390),
(76,806391),
(76,806392),
(76,806393),
(76,806394),
(76,806395),
(76,806396),
(76,806397),
(76,806398),
(76,806399),
(76,806400),
(76,806401),
(76,806402),
(76,806403),
(76,806404),
(76,806405),
(76,806406),
(76,806407),
(76,806408),
(76,806409),
(76,806410),
(76,806411),
(76,806412),
(76,806413),
(76,806414),
(76,806415),
(76,806416),
(76,806417),
(76,806418),
(76,806419),
(76,806420),
(76,806421),
(76,806422),
(76,806423),
(76,806424),
(76,806425),
(76,806426),
(76,806427),
(76,806428),
(76,806429),
(76,806430),
(76,806431),
(76,806432),
(76,806433),
(76,806434),
(76,806435),
(76,806436),
(76,806437),
(76,806438),
(76,806439),
(76,806440),
(76,806441),
(76,806442),
(76,806443),
(76,806444),
(76,806445),
(76,806446),
(76,806447),
(76,806448),
(76,806449),
(76,806450),
(76,806451),
(76,806452),
(76,806453),
(76,806454),
(76,806455),
(76,806456),
(76,806457),
(76,806458),
(76,806459),
(76,806460),
(76,806461),
(76,806462),
(76,806463),
(76,806464),
(76,806465),
(76,806466),
(76,806467),
(76,806468),
(76,806469),
(76,806470),
(76,806471),
(76,806472),
(76,806473),
(76,806474),
(76,806475),
(76,806476),
(76,806477),
(76,806478),
(76,806479),
(76,806480),
(76,806481),
(76,806482),
(76,806483),
(76,806484),
(76,806485),
(76,806486),
(76,806487),
(76,806488),
(76,806489),
(76,806490),
(76,806491),
(76,806492),
(76,806493),
(76,806494),
(76,806495),
(76,806496),
(76,806497),
(76,806498),
(76,806499),
(76,806500),
(76,806501),
(76,806502),
(76,806503),
(76,806504),
(76,806505),
(76,806506),
(76,806507),
(76,806508),
(76,806509),
(76,806510),
(76,806511),
(76,806512),
(76,806513),
(76,806514),
(76,806515),
(76,806516),
(76,806517),
(76,806518),
(76,806519),
(76,806520),
(76,806521),
(76,806522),
(76,806523),
(76,806524),
(76,806525),
(76,806526),
(76,806527),
(76,806528),
(76,806529),
(76,806530),
(76,806531),
(76,806532),
(76,806533),
(76,806534),
(76,806535),
(76,806536),
(76,806537),
(76,806538),
(76,806539),
(76,806540),
(76,806541),
(76,806542),
(76,806543),
(76,806544),
(76,806545),
(76,806546),
(76,806547),
(76,806548),
(76,806549),
(76,806550),
(76,806551),
(76,806552),
(76,806553),
(76,806554),
(76,806555),
(76,806556),
(76,806557),
(76,806558),
(76,806559),
(76,806560),
(76,806561),
(76,806562),
(76,806563),
(76,806564),
(76,806565),
(76,806566),
(76,806567),
(76,806568),
(76,806569),
(76,806570),
(76,806571),
(76,806572),
(76,806573),
(76,806574),
(76,806575),
(76,806576),
(76,806577),
(76,806578),
(76,806579),
(76,806580),
(76,806581),
(76,806582),
(76,806583),
(76,806584),
(76,806585),
(76,806586),
(76,806587),
(76,806588),
(76,806589),
(76,806590),
(76,806591),
(76,806592),
(76,806593),
(76,806594),
(76,806595),
(76,806596),
(76,806597),
(76,806598),
(76,806599),
(76,806600),
(76,806601),
(76,806602),
(76,806603),
(76,806604),
(76,806605),
(76,806606),
(76,806607),
(76,806608),
(76,806609);

DELETE FROM `creature` WHERE `guid` BETWEEN 1500000 AND 1500014;
INSERT INTO `creature` VALUES (1500000,33062,0,0,0,1,1,0,0,2069.56,2393.04,131.253,3.10331,300,0,0,504000,0,0,0,0,0,0),(1500001,33062,0,0,0,1,1,0,0,2074.75,2386.66,131.252,3.05403,300,0,0,504000,0,0,0,0,0,0),(1500002,33062,0,0,0,1,1,0,0,2069.3,2387.23,131.252,3.17184,300,0,0,504000,0,0,0,0,0,0),(1500003,33062,0,0,0,1,1,0,0,2069.4,2391.33,131.252,3.17184,300,0,0,504000,0,0,0,0,0,0),(1500004,33062,0,0,0,1,1,0,0,2068.83,2397.19,131.252,3.19462,300,0,0,504000,0,0,0,0,0,0),(1500005,33062,0,0,0,1,1,0,0,2075.72,2399.31,131.252,3.19147,300,0,0,504000,0,0,0,0,0,0),(1500006,33062,0,0,0,1,1,0,0,2075.85,2395.18,131.252,3.15927,300,0,0,504000,0,0,0,0,0,0),(1500007,33062,0,0,0,1,1,0,0,2075.84,2392.24,131.252,3.13571,300,0,0,504000,0,0,0,0,0,0),(1500008,33062,0,0,0,1,1,0,0,2075.81,2388.18,131.252,3.13571,300,0,0,504000,0,0,0,0,0,0),(1500009,33062,0,0,0,1,1,0,0,2080.95,2389.72,131.252,3.14985,300,0,0,504000,0,0,0,0,0,0),(1500010,33062,0,0,0,1,1,0,0,2081.12,2393.81,131.252,3.09959,300,0,0,504000,0,0,0,0,0,0),(1500011,33062,0,0,0,1,1,0,0,2081.04,2396.71,131.252,3.16949,300,0,0,504000,0,0,0,0,0,0),(1500012,33062,0,0,0,1,1,0,0,2068.42,2399.61,131.252,3.18912,300,0,0,504000,0,0,0,0,0,0),(1500013,33062,0,0,0,1,1,0,0,2080.13,2399.12,131.252,3.142,300,0,0,504000,0,0,0,0,0,0),(1500014,33062,0,0,0,1,1,0,0,2068.75,2387.44,131.252,3.07996,300,0,0,504000,0,0,0,0,0,0);


DELETE FROM `game_event_creature` WHERE `guid` BETWEEN 1500000 AND 1500014;
INSERT INTO `game_event_creature` VALUES
(76,1500000),
(76,1500001),
(76,1500002),
(76,1500003),
(76,1500004),
(76,1500005),
(76,1500006),
(76,1500007),
(76,1500008),
(76,1500009),
(76,1500010),
(76,1500011),
(76,1500012),
(76,1500013),
(76,1500014);