DELETE FROM `game_event` WHERE `eventEntry` = 71;
INSERT INTO `game_event` (`eventEntry`, `start_time`, `end_time`, `occurence`, `length`, `holiday`, `description`, `world_event`)
VALUES (71, '2015-10-21 21:00:00', '2030-11-10 20:00:00', '527040', '28740', '0','Halloweenevent', '0');

DELETE FROM `game_event_npcflag` WHERE `eventEntry` = '71';
INSERT INTO `game_event_npcflag` (`eventEntry`, `guid`, `npcflag`) VALUES ('71', '800067', '3');




DELETE FROM `creature` WHERE `id` = 800067 AND `guid` BETWEEN 900500 AND 900515;
REPLACE INTO `creature` (`guid`,`id`,`map`,`spawnMask`,`phaseMask`,`modelid`,`equipment_id`,`position_x`,`position_y`,`position_z`,`orientation`,`spawntimesecs`,`spawndist`,`currentwaypoint`,`curhealth`,`curmana`,`MovementType`) VALUES 
('900500','27936','0','1','1','24950','0','-10381.43','2193.28','21.03','1.20','1200','0','0','1000000','12000000','0'),
('900501','27936','0','1','1','24950','0','-10381.43','2193.28','21.03','1.20','1200','0','0','1000000','12000000','0'),
('900502','27936','0','1','1','24950','0','-10381.43','2193.28','21.03','1.20','1200','0','0','1000000','12000000','0'),
('900503','27936','0','1','1','24950','0','-10381.43','2193.28','21.03','1.20','1200','0','0','1000000','12000000','0'),
('900504','27936','0','1','1','24950','0','-10381.43','2193.28','21.03','1.20','1200','0','0','1000000','12000000','0'),
('900505','27936','0','1','1','24950','0','-10381.43','2193.28','21.03','1.20','1200','0','0','1000000','12000000','0'),
('900506','27936','0','1','1','24950','0','-10381.43','2193.28','21.03','1.20','1200','0','0','1000000','12000000','0'),
('900507','27936','0','1','1','24950','0','-10381.43','2193.28','21.03','1.20','1200','0','0','1000000','12000000','0'),
('900508','27936','0','1','1','24950','0','-10381.43','2193.28','21.03','1.20','1200','0','0','1000000','12000000','0'),
('900509','27936','0','1','1','24950','0','-10381.43','2193.28','21.03','1.20','1200','0','0','1000000','12000000','0'),
('900510','27936','0','1','1','24950','0','-10381.43','2193.28','21.03','1.20','1200','0','0','1000000','12000000','0'),
('900511','27936','0','1','1','24950','0','-10381.43','2193.28','21.03','1.20','1200','0','0','1000000','12000000','0'),
('900512','27936','0','1','1','24950','0','-10381.43','2193.28','21.03','1.20','1200','0','0','1000000','12000000','0'),
('900513','27936','0','1','1','24950','0','-10381.43','2193.28','21.03','1.20','1200','0','0','1000000','12000000','0'),
('900514','27936','0','1','1','24950','0','-10381.43','2193.28','21.03','1.20','1200','0','0','1000000','12000000','0'),
('900515','27936','0','1','1','24950','0','-10381.43','2193.28','21.03','1.20','1200','0','0','1000000','12000000','0');

DELETE FROM `game_event_creature` WHERE `eventEntry` = 71;
INSERT INTO `game_event_creature` (`eventEntry`, `guid`) VALUES 
('71', '900500'),
('71', '900501'),
('71', '900502'),
('71', '900503'),
('71', '900504'),
('71', '900505'),
('71', '900506'),
('71', '900507'),
('71', '900508'),
('71', '900509'),
('71', '900510'),
('71', '900511'),
('71', '900512'),
('71', '900513'),
('71', '900514'),
('71', '900515'),
('71', '800069'),
('71', '800068'),
('71', '800067');

DELETE FROM `game_event_creature_quest` WHERE `eventEntry` = 71;
INSERT INTO `game_event_creature_quest` (`eventEntry`, `id`, `quest`) VALUES 
('71', '800067', '900500');/*
('71', '800067', '900501'),
('71', '800067', '900502'),
('71', '800067', '900503'),
('71', '800002', '900504'),
('71', '800067', '900505'),
('71', '800067', '900506'),
('71', '800067', '900507'),
('71', '800067', '900508');*/

DELETE FROM `game_event_gameobject` WHERE `eventEntry` = 71;
INSERT INTO `game_event_gameobject` (`eventEntry`, `guid`) VALUES
(71,800148),
(71,800149),
(71,800150),
(71,800151),
(71,800152),
(71,800153),
(71,800154),
(71,800155),
(71,800156),
(71,800157),
(71,800158),
(71,800159),
(71,800160),
(71,800161),
(71,800162),
(71,800163),
(71,800164),
(71,800165),
(71,800166),
(71,800167),
(71,800168),
(71,800169),
(71,800170),
(71,800171),
(71,800172),
(71,800173),
(71,800174),
(71,800175),
(71,800176),
(71,800177),
(71,800178),
(71,800179),
(71,800180),
(71,800181),
(71,800182),
(71,800183),
(71,800184),
(71,800185),
(71,800186),
(71,800187),
(71,800188),
(71,800189),
(71,800190),
(71,800191),
(71,800192),
(71,800193),
(71,800194),
(71,800195),
(71,800196),
(71,800197),
(71,800198),
(71,800199),
(71,800200),
(71,800201),
(71,800202),
(71,800203),
(71,800204),
(71,800205),
(71,800206),
(71,800207),
(71,800208),
(71,800209),
(71,800210),
(71,800211),
(71,800212),
(71,800213),
(71,800214),
(71,800215),
(71,800216),
(71,800217),
(71,800218),
(71,800219),
(71,800220),
(71,800221),
(71,800222),
(71,800223),
(71,800224),
(71,800225),
(71,800226),
(71,800227),
(71,800228),
(71,800229),
(71,800230),
(71,800231),
(71,800232),
(71,800233),
(71,800234),
(71,800235),
(71,800236),
(71,800237),
(71,800238),
(71,800239),
(71,800240),
(71,800241),
(71,800242),
(71,800243),
(71,800244),
(71,800245),
(71,800246),
(71,800247),
(71,800248),
(71,800249),
(71,800250),
(71,800251),
(71,800252),
(71,800253),
(71,800254),
(71,800255),
(71,800256),
(71,800257),
(71,800258),
(71,800259),
(71,800260),
(71,800261),
(71,800262),
(71,800263),
(71,800264),
(71,800265),
(71,800266),
(71,800267),
(71,800268),
(71,800269),
(71,800270),
(71,800271),
(71,800272),
(71,800273),
(71,800274),
(71,800275),
(71,800276),
(71,800277),
(71,800278),
(71,800279),
(71,800280),
(71,800281),
(71,800282),
(71,800283),
(71,800284),
(71,800285),
(71,800286),
(71,800287),
(71,800288),
(71,800289),
(71,800290),
(71,800291),
(71,800292),
(71,800293),
(71,800294),
(71,800295),
(71,800296),
(71,800297),
(71,800298),
(71,800299),
(71,800300),
(71,800301),
(71,800302),
(71,800303),
(71,800304),
(71,800305),
(71,800306),
(71,800307),
(71,800308),
(71,800309),
(71,800310),
(71,800311),
(71,800312),
(71,800313),
(71,800314),
(71,800315),
(71,800316),
(71,800317),
(71,800318),
(71,800319),
(71,800320),
(71,800321),
(71,800322),
(71,800323),
(71,800324),
(71,800325),
(71,800326),
(71,800327),
(71,800328),
(71,800329),
(71,800330),
(71,800331),
(71,800332),
(71,800333),
(71,800334),
(71,800335),
(71,800336),
(71,800337),
(71,800338),
(71,800339),
(71,800340),
(71,800341),
(71,800342),
(71,800343),
(71,800344),
(71,800345),
(71,800346),
(71,800347),
(71,800348),
(71,800349),
(71,800350),
(71,800351),
(71,800352),
(71,800353),
(71,800354),
(71,800355),
(71,800356),
(71,800357),
(71,800358),
(71,800359),
(71,800360),
(71,800361),
(71,800362),
(71,800363),
(71,800364),
(71,800365),
(71,800366),
(71,800367),
(71,800368),
(71,800369),
(71,800370),
(71,800371),
(71,800372),
(71,800373),
(71,800374),
(71,800375),
(71,800376),
(71,800377),
(71,800378),
(71,800379),
(71,800380),
(71,800381),
(71,800382),
(71,800383),
(71,800384),
(71,800385),
(71,800386),
(71,800387),
(71,800388),
(71,800389),
(71,800390),
(71,800391),
(71,800392),
(71,800393),
(71,800394),
(71,800395),
(71,800396),
(71,800397),
(71,800398),
(71,800399),
(71,800400),
(71,800401),
(71,800402),
(71,800403),
(71,800404),
(71,800405),
(71,800406),
(71,800407),
(71,800408),
(71,800409),
(71,800410),
(71,800411),
(71,800412),
(71,800413),
(71,800414),
(71,800415),
(71,800416),
(71,800417),
(71,800418),
(71,800419),
(71,800420),
(71,800421),
(71,800422),
(71,800423),
(71,800424),
(71,800425),
(71,800426),
(71,800427),
(71,800428),
(71,800429),
(71,800430),
(71,800431),
(71,800432),
(71,800433),
(71,800434),
(71,800435),
(71,800436),
(71,800437),
(71,800438),
(71,800439),
(71,800440),
(71,800441),
(71,800442),
(71,800443),
(71,800444),
(71,800445),
(71,800446),
(71,800447),
(71,800448),
(71,800449),
(71,800450),
(71,800451),
(71,800452),
(71,800453),
(71,800454),
(71,800455),
(71,800456),
(71,800457),
(71,800458),
(71,800459),
(71,800460),
(71,800461),
(71,800462),
(71,800463),
(71,800464),
(71,800465),
(71,800466),
(71,800467),
(71,800468),
(71,800469),
(71,800470),
(71,800471),
(71,800472),
(71,800473),
(71,800474),
(71,800475),
(71,800476),
(71,800477),
(71,800478),
(71,800479),
(71,800480),
(71,800481),
(71,800482),
(71,800483),
(71,800484),
(71,800485),
(71,800486),
(71,800487),
(71,800488),
(71,800489),
(71,800490),
(71,800491),
(71,800492),
(71,800493),
(71,800494),
(71,800495),
(71,800496),
(71,800497),
(71,800498),
(71,800499),
(71,800500),
(71,800501),
(71,800502),
(71,800503),
(71,800504),
(71,800505),
(71,800506),
(71,800507),
(71,800508),
(71,800509),
(71,800510),
(71,800511),
(71,800512);

DELETE FROM `gameobject` WHERE `guid` BETWEEN 800148 AND 800512;
INSERT INTO `gameobject` VALUES (800452,180429,0,0,0,1,1,-9784.88,2105.17,14.9562,0.296243,0,0,0.147581,0.98905,300,0,1,0),(800451,180472,0,0,0,1,1,-9796.11,2111.89,17.6965,0.965997,0,0,0.464437,0.885606,300,0,1,0),(800450,180472,0,0,0,1,1,-9793.89,2111.79,19.2815,2.65395,0,0,0.970423,0.24141,300,0,1,0),(800449,180472,0,0,0,1,1,-9795.04,2113.67,17.7033,4.16977,0,0,0.870742,-0.49174,300,0,1,0),(800448,180471,0,0,0,1,1,-9789.58,2095.1,15.707,2.8494,0,0,0.989347,0.145578,300,0,1,0),(800447,180471,0,0,0,1,1,-9787.25,2095.55,19.9786,3.17913,0,0,0.999824,-0.0187665,300,0,1,0),(800446,180471,0,0,0,1,1,-9791.93,2094.67,16.7259,0.593207,0,0,0.292274,0.956335,300,0,1,0),(800445,180471,0,0,0,1,1,-9797.92,2099.63,16.9976,0.795447,0,0,0.387321,0.921945,300,0,1,0),(800444,180471,0,0,0,1,1,-9795.73,2099.88,16.1349,2.40944,0,0,0.933739,0.357955,300,0,1,0),(800443,180471,0,0,0,1,1,-9795.66,2102.05,17.594,4.31206,0,0,0.833583,-0.552395,300,0,1,0),(800442,180471,0,0,0,1,1,-9799.41,2102.06,19.0056,5.63349,0,0,0.319164,-0.9477,300,0,1,0),(800441,180471,0,0,0,1,1,-9779.91,2116.14,19.6668,5.15637,0,0,0.534071,-0.845439,300,0,1,0),(800440,180471,0,0,0,1,1,-9778.38,2112.79,19.6668,1.49837,0,0,0.681044,0.732243,300,0,1,0),(800439,180471,0,0,0,1,1,-9776.97,2114.36,18.1548,3.20072,0,0,0.999563,-0.0295599,300,0,1,0),(800438,180471,0,0,0,1,1,-9777.8,2116.17,18.1379,4.89129,0,0,0.641111,-0.767448,300,0,1,0),(800437,180471,0,0,0,1,1,-9785.79,2114.27,19.8696,1.44858,0,0,0.662603,0.748971,300,0,1,0),(800436,180471,0,0,0,1,1,-9784.12,2114.59,21.5264,2.23005,0,0,0.897922,0.440156,300,0,1,0),(800435,180471,0,0,0,1,1,-9788.49,2116.06,20.8554,0.00932237,0,0,0.00466117,0.999989,300,0,1,0),(800434,180471,0,0,0,1,1,-9785.29,2117.77,19.5932,4.92592,0,0,0.62773,-0.778431,300,0,1,0),(800433,180426,0,0,0,1,1,-9773.34,2122.07,15.1413,1.77123,0,0,0.774303,0.632815,300,0,1,0),(800432,180426,0,0,0,1,1,-9778.65,2105.53,12.7262,1.24305,0,0,0.582274,0.812993,300,0,1,0),(800431,180426,0,0,0,1,1,-9783.04,2092.3,11.4449,0.993682,0,0,0.476651,0.879093,300,0,1,0),(800430,180426,0,0,0,1,1,-9809.63,2092.34,4.55113,2.00292,0,0,0.842259,0.539074,300,0,1,0),(800429,180426,0,0,0,1,1,-9807.03,2086.73,3.52585,3.07263,0,0,0.999406,0.0344736,300,0,1,0),(800428,180426,0,0,0,1,1,-9799.51,2093.18,7.95928,4.01511,0,0,0.906128,-0.423005,300,0,1,0),(800427,180426,0,0,0,1,1,-9802.34,2101.65,11.0708,5.03534,0,0,0.584222,-0.811594,300,0,1,0),(800426,180426,0,0,0,1,1,-9804.23,2108.18,11.9229,4.87983,0,0,0.645499,-0.763762,300,0,1,0),(800425,180426,0,0,0,1,1,-9798.17,2114.2,11.7399,4.60887,0,0,0.742743,-0.669577,300,0,1,0),(800424,180426,0,0,0,1,1,-9795.92,2123.31,11.8116,4.17769,0,0,0.868788,-0.495185,300,0,1,0),(800423,180426,0,0,0,1,1,-9787.86,2131.09,10.9025,3.7465,0,0,0.954608,-0.297865,300,0,1,0),(800422,180426,0,0,0,1,1,-9776.2,2130.1,15.228,2.88178,0,0,0.991574,0.129541,300,0,1,0),(800421,180426,0,0,0,1,1,-9736.08,2167.56,7.22842,2.9234,0,0,0.994055,0.108879,300,0,1,0),(800420,180426,0,0,0,1,1,-9732.21,2166.71,6.97452,4.12977,0,0,0.880401,-0.474231,300,0,1,0),(800419,180426,0,0,0,1,1,-9740.36,2162.77,9.251,1.22144,0,0,0.573456,0.819236,300,0,1,0),(800412,180412,0,0,0,1,1,-9788.28,2133.77,10.5929,6.26565,0,0,0.00876574,-0.999962,300,0,1,0),(800413,180426,0,0,0,1,1,-9777.19,2128.35,15.0699,4.48869,0,0,0.781613,-0.623763,300,0,1,0),(800414,180426,0,0,0,1,1,-9768.42,2129.16,12.1294,0.282101,0,0,0.140583,0.990069,300,0,1,0),(800415,180426,0,0,0,1,1,-9762.94,2135.83,13.5353,0.899424,0,0,0.434706,0.900572,300,0,1,0),(800418,180426,0,0,0,1,1,-9740.87,2154.86,11.8112,0.30959,0,0,0.154177,0.988043,300,0,1,0),(800416,180426,0,0,0,1,1,-9755.04,2141.96,14.0508,0.623749,0,0,0.306843,0.95176,300,0,1,0),(800417,180426,0,0,0,1,1,-9749.59,2148.61,14.4827,1.2128,0,0,0.569912,0.821706,300,0,1,0),(800406,180411,0,0,0,1,1,-9797.98,2098.61,12.2059,0.943402,0,0,0.454402,0.890797,300,0,1,0),(800369,180411,0,0,0,1,1,-9797.39,2113.37,13.6212,5.85607,0,0,0.21194,-0.977283,300,0,1,0),(800370,180411,0,0,0,1,1,-9778.36,2111.08,14.7284,1.39304,0,0,0.641553,0.767079,300,0,1,0),(800368,180411,0,0,0,1,1,-9787.56,2117.56,13.8483,4.18905,0,0,0.86596,-0.500114,300,0,1,0),(800367,187573,0,0,0,1,1,-9745.17,2147.1,10.7562,3.71508,0,0,0.95917,-0.28283,300,0,1,0),(800366,187573,0,0,0,1,1,-9743.58,2148.13,11.2879,3.77595,0,0,0.95012,-0.311886,300,0,1,0),(800365,187573,0,0,0,1,1,-9748.64,2152.95,11.2267,4.16275,0,0,0.872462,-0.488682,300,0,1,0),(800364,187573,0,0,0,1,1,-9747.48,2154.83,11.4651,4.16275,0,0,0.872462,-0.488682,300,0,1,0),(800363,187573,0,0,0,1,1,-9746.37,2156.61,11.5178,4.13723,0,0,0.878627,-0.47751,300,0,1,0),(800362,187573,0,0,0,1,1,-9745.29,2158.28,11.3515,4.13723,0,0,0.878627,-0.47751,300,0,1,0),(800361,187573,0,0,0,1,1,-9744.02,2160.24,10.5633,4.13723,0,0,0.878627,-0.47751,300,0,1,0),(800360,187573,0,0,0,1,1,-9742.62,2162.39,9.63212,4.13723,0,0,0.878627,-0.47751,300,0,1,0),(800359,187573,0,0,0,1,1,-9741.11,2164.89,7.61609,4.10581,0,0,0.886019,-0.463649,300,0,1,0),(800358,187573,0,0,0,1,1,-9739.55,2167.08,6.54107,3.65814,0,0,0.966833,-0.25541,300,0,1,0),(800357,187573,0,0,0,1,1,-9737.62,2168.17,6.45048,3.47356,0,0,0.986256,-0.165224,300,0,1,0),(800356,187573,0,0,0,1,1,-9735.74,2168.81,6.59474,3.28114,0,0,0.997567,-0.0697191,300,0,1,0),(800355,187573,0,0,0,1,1,-9733.78,2168.99,5.92303,3.02589,0,0,0.998327,0.0578191,300,0,1,0),(800354,187573,0,0,0,1,1,-9731.95,2168.55,5.89611,2.55466,0,0,0.957246,0.289274,300,0,1,0),(800353,187573,0,0,0,1,1,-9730.79,2167.42,6.08489,2.00292,0,0,0.842258,0.539075,300,0,1,0),(800352,187573,0,0,0,1,1,-9730.35,2165.62,6.66276,1.51793,0,0,0.688172,0.725547,300,0,1,0),(800351,187573,0,0,0,1,1,-9730.68,2163.79,6.72643,1.2293,0,0,0.576672,0.816975,300,0,1,0),(800350,187573,0,0,0,1,1,-9731.29,2162.23,6.71674,0.983863,0,0,0.472329,0.881422,300,0,1,0),(800349,187573,0,0,0,1,1,-9732.71,2160.54,7.18711,0.783586,0,0,0.381846,0.924226,300,0,1,0),(800348,187573,0,0,0,1,1,-9734.17,2159.2,7.62547,0.783586,0,0,0.381846,0.924226,300,0,1,0),(800347,187573,0,0,0,1,1,-9735.87,2157.59,8.36066,0.783586,0,0,0.381846,0.924226,300,0,1,0),(800346,187573,0,0,0,1,1,-9737.46,2155.89,9.25804,0.823641,0,0,0.400278,0.916394,300,0,1,0),(800345,187573,0,0,0,1,1,-9738.93,2154.23,9.68852,0.879012,0,0,0.425492,0.904962,300,0,1,0),(800344,187573,0,0,0,1,1,-9740.19,2152.59,10.323,0.922209,0,0,0.444937,0.895562,300,0,1,0),(800343,187573,0,0,0,1,1,-9795.43,2113.3,12.2489,4.6666,0,0,0.723109,-0.690734,300,0,1,0),(800342,187573,0,0,0,1,1,-9795.09,2111.47,12.235,2.13762,0,0,0.876629,0.481166,300,0,1,0),(800341,187573,0,0,0,1,1,-9796.27,2111.53,12.1785,0.918293,0,0,0.443183,0.896431,300,0,1,0),(800340,187573,0,0,0,1,1,-9796.48,2112.76,12.0688,5.96408,0,0,0.158875,-0.987299,300,0,1,0),(800339,187573,0,0,0,1,1,-9797.39,2099.21,10.2004,1.21439,0,0,0.570565,0.821252,300,0,1,0),(800338,187573,0,0,0,1,1,-9798.09,2100.48,10.5566,6.02495,0,0,0.128758,-0.991676,300,0,1,0),(800337,187573,0,0,0,1,1,-9796.97,2101.34,10.8077,4.8983,0,0,0.638418,-0.76969,300,0,1,0),(800336,187573,0,0,0,1,1,-9790.85,2096.19,10.7382,5.16338,0,0,0.531104,-0.847306,300,0,1,0),(800335,187573,0,0,0,1,1,-9791.42,2094.75,10.6207,0.405827,0,0,0.201524,0.979484,300,0,1,0),(800334,187573,0,0,0,1,1,-9790.34,2094.05,10.7969,1.67032,0,0,0.741403,0.67106,300,0,1,0),(800333,187573,0,0,0,1,1,-9789.41,2094.74,10.8989,2.95641,0,0,0.995716,0.0924607,300,0,1,0),(800332,187573,0,0,0,1,1,-9789.55,2095.96,10.8802,4.02651,0,0,0.903702,-0.428162,300,0,1,0),(800331,187573,0,0,0,1,1,-9785.31,2114.92,12.3763,1.47632,0,0,0.672929,0.739707,300,0,1,0),(800330,187573,0,0,0,1,1,-9786.33,2115.89,12.2825,0.115619,0,0,0.0577773,0.99833,300,0,1,0),(800329,187573,0,0,0,1,1,-9785.41,2117.17,12.0909,5.33655,0,0,0.45584,-0.890062,300,0,1,0),(800328,187573,0,0,0,1,1,-9784.11,2116.72,12.0924,3.83762,0,0,0.940051,-0.341032,300,0,1,0),(800327,187573,0,0,0,1,1,-9784.07,2115.49,12.2323,2.62262,0,0,0.966521,0.256586,300,0,1,0),(800326,187573,0,0,0,1,1,-9777.23,2113.89,12.4469,3.01532,0,0,0.998007,0.0630954,300,0,1,0),(800325,187573,0,0,0,1,1,-9778.07,2113.1,12.2407,1.79913,0,0,0.783057,0.62195,300,0,1,0),(800324,187573,0,0,0,1,1,-9779.28,2113.65,12.0821,0.507151,0,0,0.250867,0.968022,300,0,1,0),(800323,187573,0,0,0,1,1,-9779,2115.05,12.2222,5.44731,0,0,0.405878,-0.913927,300,0,1,0),(800322,187573,0,0,0,1,1,-9777.59,2115.1,12.4939,4.38702,0,0,0.812298,-0.583243,300,0,1,0),(800321,187573,0,0,0,1,1,-9791.99,2108.67,16.0165,2.29786,0,0,0.912327,0.409462,300,0,1,0),(800320,187573,0,0,0,1,1,-9790.59,2107.1,16.0816,2.29786,0,0,0.912327,0.409462,300,0,1,0),(800319,187573,0,0,0,1,1,-9789.13,2105.45,16.1537,2.29786,0,0,0.912327,0.409462,300,0,1,0),(800318,187573,0,0,0,1,1,-9788.05,2104.21,16.2044,3.87455,0,0,0.933595,-0.358329,300,0,1,0),(800317,187573,0,0,0,1,1,-9786.56,2105.52,16.5566,3.84902,0,0,0.938092,-0.346386,300,0,1,0),(800316,187573,0,0,0,1,1,-9785.43,2106.55,16.8298,5.41982,0,0,0.418402,-0.908262,300,0,1,0),(800315,187573,0,0,0,1,1,-9786.49,2107.79,16.8217,5.41982,0,0,0.418402,-0.908262,300,0,1,0),(800314,187573,0,0,0,1,1,-9787.93,2109.47,16.8263,5.41982,0,0,0.418402,-0.908262,300,0,1,0),(800313,187573,0,0,0,1,1,-9789.14,2110.89,16.8294,5.41982,0,0,0.418402,-0.908262,300,0,1,0),(800312,187573,0,0,0,1,1,-9790.35,2112.31,16.8339,0.699969,0,0,0.342883,0.939378,300,0,1,0),(800311,187573,0,0,0,1,1,-9791.52,2111.33,16.4685,0.699969,0,0,0.342883,0.939378,300,0,1,0),(800310,187573,0,0,0,1,1,-9793.1,2109.96,15.9693,0.621429,0,0,0.305739,0.952115,300,0,1,0),(800309,187573,0,0,0,1,1,-9803.87,2098.64,10.0154,1.45395,0,0,0.664613,0.747187,300,0,1,0),(800308,187573,0,0,0,1,1,-9804.58,2097.29,9.30049,0.721961,0,0,0.353192,0.935551,300,0,1,0),(800307,187573,0,0,0,1,1,-9806.07,2095.98,7.9417,0.721961,0,0,0.353192,0.935551,300,0,1,0),(800306,187573,0,0,0,1,1,-9807.41,2095.1,6.85458,0.564882,0,0,0.278701,0.960378,300,0,1,0),(800305,187573,0,0,0,1,1,-9808.94,2094.26,5.70451,0.407802,0,0,0.202491,0.979284,300,0,1,0),(800304,187573,0,0,0,1,1,-9810.4,2093.64,4.3618,0.407802,0,0,0.202491,0.979284,300,0,1,0),(800303,187573,0,0,0,1,1,-9812.02,2093.22,3.03115,0.027669,0,0,0.0138341,0.999904,300,0,1,0),(800302,187573,0,0,0,1,1,-9813.63,2093.18,1.80009,0.027669,0,0,0.0138341,0.999904,300,0,1,0),(800301,187573,0,0,0,1,1,-9815.26,2093.13,0.605677,0.027669,0,0,0.0138341,0.999904,300,0,1,0),(800300,187573,0,0,0,1,1,-9795.64,2090.14,10.1035,6.20679,0,0,0.03819,-0.99927,300,0,1,0),(800299,187573,0,0,0,1,1,-9797.04,2090.25,8.87526,0.341433,0,0,0.169889,0.985463,300,0,1,0),(800298,187573,0,0,0,1,1,-9799.35,2089.43,7.80393,0.341433,0,0,0.169889,0.985463,300,0,1,0),(800297,187573,0,0,0,1,1,-9801.27,2088.11,6.91638,0.602185,0,0,0.296564,0.955013,300,0,1,0),(800296,187573,0,0,0,1,1,-9802.91,2086.98,5.73046,0.602185,0,0,0.296564,0.955013,300,0,1,0),(800295,187573,0,0,0,1,1,-9804.44,2085.93,4.35862,0.602185,0,0,0.296564,0.955013,300,0,1,0),(800294,187573,0,0,0,1,1,-9805.8,2085,3.2271,0.602185,0,0,0.296564,0.955013,300,0,1,0),(800293,187573,0,0,0,1,1,-9806.86,2084.27,2.03667,0.602185,0,0,0.296564,0.955013,300,0,1,0),(800292,187573,0,0,0,1,1,-9807.92,2083.53,0.83549,0.580587,0,0,0.286233,0.95816,300,0,1,0),(800291,179977,0,0,0,1,1,-9785.14,2088.54,11.374,5.57376,0,0,0.347322,-0.937746,300,0,1,0),(800290,179977,0,0,0,1,1,-9804.91,2104.23,11.4602,0.613966,0,0,0.302184,0.95325,300,0,1,0),(800288,186156,0,0,0,1,1,-9771.93,2132.31,13.3451,5.70492,0,0,0.28512,-0.958492,300,0,1,0),(800287,186156,0,0,0,1,1,-9793.54,2108.35,12.4189,6.12118,0,0,0.0809126,-0.996721,300,0,1,0),(800289,179977,0,0,0,1,1,-9791.36,2133.18,10.7302,2.4793,0,0,0.94567,0.325129,300,0,1,0),(800286,181981,0,0,0,1,1,-9790.38,2113.06,12.4863,0.588435,0,0,0.289991,0.957029,300,0,1,0),(800285,181981,0,0,0,1,1,-9790.38,2113.06,12.4863,2.6344,0,0,0.968016,0.250887,300,0,1,0),(800284,181981,0,0,0,1,1,-9790.38,2113.06,12.4863,1.64087,0,0,0.731443,0.681903,300,0,1,0),(800283,181981,0,0,0,1,1,-9796.18,2100.97,10.6905,0.9131,0,0,0.440854,0.897579,300,0,1,0),(800282,181981,0,0,0,1,1,-9797.6,2100.96,10.6967,2.20115,0,0,0.891469,0.453083,300,0,1,0),(800281,181981,0,0,0,1,1,-9797.82,2099.76,11.1232,3.446,0,0,0.988439,-0.151619,300,0,1,0),(800280,181981,0,0,0,1,1,-9789.77,2094.24,10.8542,5.28972,0,0,0.476556,-0.879144,300,0,1,0),(800279,181981,0,0,0,1,1,-9790.89,2094.18,10.7279,3.97614,0,0,0.914196,-0.405271,300,0,1,0),(800278,181981,0,0,0,1,1,-9791.25,2095.37,10.5805,2.70772,0,0,0.976562,0.215238,300,0,1,0),(800277,181981,0,0,0,1,1,-9790.23,2095.94,10.7639,1.50803,0,0,0.68457,0.728947,300,0,1,0),(800276,181981,0,0,0,1,1,-9789.47,2095.35,10.8708,0.24275,0,0,0.121077,0.992643,300,0,1,0),(800275,181981,0,0,0,1,1,-9777.3,2114.5,12.5021,0.380187,0,0,0.188951,0.981987,300,0,1,0),(800274,181981,0,0,0,1,1,-9777.48,2113.39,12.3502,5.4087,0,0,0.423443,-0.905923,300,0,1,0),(800273,181981,0,0,0,1,1,-9778.71,2113.2,12.1357,4.13636,0,0,0.878834,-0.477127,300,0,1,0),(800272,181981,0,0,0,1,1,-9779.14,2114.19,12.1291,2.89818,0,0,0.992603,0.121407,300,0,1,0),(800271,181981,0,0,0,1,1,-9778.42,2115.04,12.3328,1.60816,0,0,0.720193,0.693773,300,0,1,0),(800270,181981,0,0,0,1,1,-9784.08,2116.13,12.1697,0.117863,0,0,0.0588974,0.998264,300,0,1,0),(800269,181981,0,0,0,1,1,-9784.67,2115.07,12.3197,5.11889,0,0,0.549821,-0.835283,300,0,1,0),(800268,181981,0,0,0,1,1,-9786,2115.31,12.3484,3.90937,0,0,0.927215,-0.37453,300,0,1,0),(800267,181981,0,0,0,1,1,-9786.21,2116.7,12.1678,2.59186,0,0,0.962462,0.271416,300,0,1,0),(800266,181981,0,0,0,1,1,-9784.88,2117.16,12.0715,1.36586,0,0,0.631068,0.775727,300,0,1,0),(800265,181981,0,0,0,1,1,-9795.63,2111.64,12.1927,4.58599,0,0,0.750353,-0.661037,300,0,1,0),(800264,181981,0,0,0,1,1,-9794.72,2112.08,12.2428,5.85245,0,0,0.213709,-0.976897,300,0,1,0),(800263,181981,0,0,0,1,1,-9795.92,2113.14,12.0753,2.12769,0,0,0.874229,0.485514,300,0,1,0),(800262,181981,0,0,0,1,1,-9796.28,2112.15,12.1512,3.39611,0,0,0.991914,-0.126914,300,0,1,0),(800213,190692,0,0,0,1,1,-9768.77,2131.61,12.4173,5.45045,0,0,0.404442,-0.914563,300,0,1,0),(800212,190692,0,0,0,1,1,-9765.07,2134.6,13.3274,5.37387,0,0,0.439154,-0.898412,300,0,1,0),(800211,190692,0,0,0,1,1,-9761.64,2137.75,13.8771,5.41118,0,0,0.422321,-0.906447,300,0,1,0),(800210,190692,0,0,0,1,1,-9759.02,2140.67,12.5617,5.6252,0,0,0.323092,-0.946368,300,0,1,0),(800209,190692,0,0,0,1,1,-9755.82,2144.29,13.5479,5.37779,0,0,0.437391,-0.899271,300,0,1,0),(800208,190692,0,0,0,1,1,-9752.75,2146.74,12.9774,5.48971,0,0,0.38641,-0.922327,300,0,1,0),(800207,190692,0,0,0,1,1,-9749.4,2149.92,12.071,5.36012,0,0,0.445319,-0.895372,300,0,1,0),(800206,190692,0,0,0,1,1,-9746.97,2147.53,12.0168,2.28019,0,0,0.908672,0.41751,300,0,1,0),(800205,190692,0,0,0,1,1,-9750.73,2144.21,12.9773,2.24681,0,0,0.901578,0.432616,300,0,1,0),(800204,190692,0,0,0,1,1,-9754,2141.79,13.5473,2.21932,0,0,0.895547,0.444967,300,0,1,0),(800203,190692,0,0,0,1,1,-9757.02,2138.32,12.5067,2.32535,0,0,0.917867,0.396888,300,0,1,0),(800202,190692,0,0,0,1,1,-9759.69,2135.67,13.8775,2.31749,0,0,0.916302,0.400489,300,0,1,0),(800201,190692,0,0,0,1,1,-9762.99,2132.43,13.3281,2.31749,0,0,0.916302,0.400489,300,0,1,0),(800198,190692,0,0,0,1,1,-9780.64,2096.39,12.026,2.11329,0,0,0.87071,0.491797,300,0,1,0),(800200,190692,0,0,0,1,1,-9766.53,2129,12.4091,2.2095,0,0,0.893352,0.449357,300,0,1,0),(800480,185456,0,0,0,1,1,-9771,2131.75,13.0993,3.53093,0,0,0.981112,-0.193441,300,0,1,0),(800214,185434,0,0,0,1,1,-9794.89,2113.09,12.1571,0.721166,0,0,0.35282,0.935691,300,0,1,0),(800481,185434,0,0,0,1,1,-9763.18,2131.83,13.3272,3.08914,0,0,0.999656,0.026222,300,0,1,0),(800482,180405,0,0,0,1,1,-9804.36,2111.18,11.6926,1.26703,0,0,0.591981,0.805952,300,0,1,0),(800483,180405,0,0,0,1,1,-9741.95,2150.13,11.4049,4.51347,0,0,0.773824,-0.6334,300,0,1,0),(800484,180405,0,0,0,1,1,-9754.96,2146.37,13.3219,0.804428,0,0,0.391457,0.920196,300,0,1,0),(800485,180405,0,0,0,1,1,-9760.57,2132.47,13.3976,4.58023,0,0,0.752254,-0.658874,300,0,1,0),(800486,180405,1,0,0,1,1,1600.76,-4373.65,11.6771,0.712921,0,0,0.34896,0.937138,300,0,1,0),(800487,180405,1,0,0,1,1,1610.76,-4363.88,9.6829,4.3336,0,0,0.827585,-0.56134,300,0,1,0),(800488,165738,571,0,0,1,1,5751.12,585.253,609.158,2.34947,0,0,0.922588,0.385787,300,0,1,0),(800489,165738,571,0,0,1,1,5760.4,576.43,609.158,5.62109,0,0,0.325033,-0.945703,300,0,1,0),(800490,165738,571,0,0,1,1,5792.36,557.978,629.504,4.06055,0,0,0.896283,-0.443482,300,0,1,0),(800491,165738,571,0,0,1,1,5778.07,536.121,641.56,2.6957,0,0,0.975251,0.221102,300,0,1,0),(800492,180405,0,0,0,1,1,-12616.7,-1366.36,49.5014,2.05758,0,0,0.856676,0.515855,300,0,1,0),(800493,165738,571,0,0,1,1,5793.13,559.419,650.659,3.8498,0,0,0.937957,-0.346751,300,0,1,0),(800494,180405,0,0,0,1,1,-12584.5,-1341.25,48.1194,5.73913,0,0,0.268684,-0.963228,300,0,1,0),(800495,180405,0,0,0,1,1,-12589.8,-1362.22,45.9654,2.72124,0,0,0.977994,0.208631,300,0,1,0),(800496,180405,0,0,0,1,1,-12613.5,-1336.78,52.4986,0.610476,0,0,0.30052,0.953775,300,0,1,0),(800497,165738,571,0,0,1,1,6013.6,510.108,595.196,2.55521,0,0,0.957326,0.289011,300,0,1,0),(800498,165738,571,0,0,1,1,6010.15,507.129,595.051,1.66203,0,0,0.738617,0.674125,300,0,1,0),(800499,165738,571,0,0,1,1,5964.24,453.975,596.586,1.35595,0,0,0.627216,0.778846,300,0,1,0),(800500,165738,571,0,0,1,1,5876.06,395.055,596.667,0.829074,0,0,0.402766,0.915303,300,0,1,0),(800501,165738,571,0,0,1,1,5811.92,381.55,596.543,0.824057,0,0,0.400469,0.91631,300,0,1,0),(800502,165738,571,0,0,1,1,5605.98,426.189,632.577,6.11873,0,0,0.0821345,-0.996621,300,0,1,0),(800503,165738,571,0,0,1,1,5621.99,564.726,633.201,0.553095,0,0,0.273036,0.962004,300,0,1,0),(800504,165738,571,0,0,1,1,5519.66,741.313,579.742,3.90086,0,0,0.928801,-0.370579,300,0,1,0),(800505,165738,571,0,0,1,1,5630.92,585.723,633.044,5.62699,0,0,0.322244,-0.946657,300,0,1,0),(800506,165738,571,0,0,1,1,5616.64,796.929,631.573,4.49798,0,0,0.778708,-0.627386,300,0,1,0),(800507,165738,571,0,0,1,1,5675.72,846.738,631.573,3.63993,0,0,0.969118,-0.246599,300,0,1,0),(800508,165738,571,0,0,1,1,5732.58,906.274,629.712,4.27719,0,0,0.843086,-0.537779,300,0,1,0),(800509,165738,571,0,0,1,1,5768.44,950.032,630.896,4.27719,0,0,0.843086,-0.537779,300,0,1,0),(800510,165738,571,0,0,1,1,5775.97,945.443,630.451,4.27719,0,0,0.843086,-0.537779,300,0,1,0),(800511,165738,571,0,0,1,1,5758.28,940.05,630.426,5.58684,0,0,0.341179,-0.939999,300,0,1,0),(800512,165738,571,0,0,1,1,5845.45,903.317,661.279,3.07706,0,0,0.999479,0.0322605,300,0,1,0),(800148,165738,571,0,0,1,1,5860.51,882.391,661.279,3.07706,0,0,0.999479,0.0322605,300,0,1,0),(800149,165738,571,0,0,1,1,5806.43,671.708,658.036,4.94456,0,0,0.620446,-0.784249,300,0,1,0),(800150,165738,571,0,0,1,1,5795.87,689.86,657.949,4.52306,0,0,0.770777,-0.637104,300,0,1,0),(800151,165738,571,0,0,1,1,5810.41,693.391,657.949,5.52663,0,0,0.369322,-0.929302,300,0,1,0),(800152,165738,571,0,0,1,1,5986.69,664.405,642.381,5.57179,0,0,0.348246,-0.937403,300,0,1,0),(800153,165738,571,0,0,1,1,5916.74,618.917,646.344,5.13524,0,0,0.542974,-0.83975,300,0,1,0),(800154,165738,571,0,0,1,1,5849.62,703.199,641.954,6.17894,0,0,0.0520972,-0.998642,300,0,1,0),(800155,165738,571,0,0,1,1,5782.24,692.377,643.566,0.0262225,0,0,0.0131109,0.999914,300,0,1,0),(800156,165738,571,0,0,1,1,5704.94,642.594,646.209,1.0348,0,0,0.494624,0.869107,300,0,1,0),(800157,165738,571,0,0,1,1,5717.01,645.712,646.206,3.19749,0,0,0.99961,-0.0279432,300,0,1,0),(800158,192493,0,40,2,1,1,-9804.27,2098.83,10.05,1.12,0,0,-0.38,0.92388,300,0,1,1),(800159,192493,0,40,2,1,1,-9795.65,2089.67,10.35,1.12,0,0,-0.38,0.92388,300,0,1,1),(800160,181238,0,40,2,1,1,-10669.5,398.61,35.96,6.03,0,0,-0.38,0.92388,300,0,1,1),(800161,189961,0,10,94,1,1,-10670,387.87,35.3,4.65,0,0,-0.38,0.92388,300,0,1,1),(800162,179871,0,40,2,1,1,-1164.96,1507.48,54.16,6.03,0,0,-0.38,0.92388,300,0,1,1),(800163,179871,0,40,2,1,1,-1144.88,1455.82,54.16,1.26,0,0,-0.38,0.92388,300,0,1,1),(800164,179871,0,40,2,1,1,-1094.47,1478.06,54.16,2.83,0,0,-0.38,0.92388,300,0,1,1),(800165,179871,0,40,2,1,1,-1115.44,1527.51,54.16,4.41,0,0,-0.38,0.92388,300,0,1,1),(800166,184974,0,40,2,1,1,-1119.71,1516.76,84.82,4.24,0,0,-0.38,0.92388,300,0,1,1),(800167,184974,0,40,2,1,1,-1154.25,1502.92,84.82,5.92,0,0,-0.38,0.92388,300,0,1,1),(800168,184974,0,40,2,1,1,-1140.32,1468.06,84.82,1.23,0,0,-0.38,0.92388,300,0,1,1),(800169,184974,0,40,2,1,1,-1105.16,1482.31,84.82,2.74,0,0,-0.38,0.92388,300,0,1,1),(800170,184974,0,40,2,1,1,-1113.58,1499.57,58.47,0.35,0,0,-0.38,0.92388,300,0,1,1),(800171,184974,0,40,2,1,1,-1136.4,1509.71,58.47,5.25,0,0,-0.38,0.92388,300,0,1,1),(800172,184974,0,40,2,1,1,-1146.83,1485.98,58.47,3.8,0,0,-0.38,0.92388,300,0,1,1),(800173,184974,0,40,2,1,1,-1145.98,1398.63,55.84,2.45,0,0,-0.38,0.92388,300,0,1,1),(800174,184978,0,40,2,1,1,-1205.32,1582.65,54.16,5.12,0,0,-0.38,0.92388,300,0,1,1),(800175,184978,0,40,2,1,1,-1202.56,1398.54,54.16,1.41,0,0,-0.38,0.92388,300,0,1,1),(800176,184978,0,40,2,1,1,-1081.79,1412.59,54.16,2.38,0,0,-0.38,0.92388,300,0,1,1),(800177,203035,0,40,2,1,1,-1107.53,1447.15,54.16,5.42,0,0,-0.38,0.92388,300,0,1,1),(800178,203035,0,40,2,1,1,-1083.35,1451.1,54.16,3.44,0,0,-0.38,0.92388,300,0,1,1),(800179,203035,0,40,2,1,1,-1088.04,1506.13,54.16,0.63,0,0,-0.38,0.92388,300,0,1,1),(800180,203035,0,40,2,1,1,-1091.18,1560.9,54.16,3.37,0,0,-0.38,0.92388,300,0,1,1),(800181,203035,0,40,2,1,1,-1147.51,1534.07,54.16,2.08,0,0,-0.38,0.92388,300,0,1,1),(800182,203035,0,40,2,1,1,-1200.43,1531.86,54.16,0.13,0,0,-0.38,0.92388,300,0,1,1),(800183,203035,0,40,2,1,1,-1175.47,1477,54.16,3.71,0,0,-0.38,0.92388,300,0,1,1),(800184,203035,0,40,2,1,1,-1204.46,1486.43,54.17,0.1,0,0,-0.38,0.92388,300,0,1,1),(800185,203035,0,40,2,1,1,-1205.39,1441.77,54.18,0.14,0,0,-0.38,0.92388,300,0,1,1),(800186,203035,0,40,2,1,1,-1175.56,1397.13,54.2,1.33,0,0,-0.38,0.92388,300,0,1,1),(800187,203035,0,40,2,1,1,-1107,1403.55,54.17,1.79,0,0,-0.38,0.92388,300,0,1,1),(800188,190358,0,40,2,1,1,-1129.88,1492.73,54.16,2.74,0,0,-0.38,0.92388,300,0,1,1),(800189,192820,0,40,2,1,1,-1141.56,1393.31,54.22,1.36,0,0,-0.38,0.92388,300,0,1,1),(800190,190800,0,40,2,1,1,-1084.98,1413.69,54.17,2.26,0,0,-0.38,0.92388,300,0,1,1),(800191,190800,0,40,2,1,1,-1202.02,1401.2,54.17,0.79,0,0,-0.38,0.92388,300,0,1,1),(800192,190800,0,40,2,1,1,-1203.06,1584.03,54.17,5.53,0,0,-0.38,0.92388,300,0,1,1),(800193,190667,0,40,2,1,1,-1070.79,1610.17,54.16,0.8,0,0,-0.38,0.92388,300,0,1,1),(800194,190667,0,40,2,1,1,-1085.94,1618.95,54.16,1.92,0,0,-0.38,0.92388,300,0,1,1),(800195,190667,0,40,2,1,1,-1103.18,1612.51,54.16,1.97,0,0,-0.38,0.92388,300,0,1,1),(800196,190667,0,40,2,1,1,-1124.27,1611.78,54.16,1.58,0,0,-0.38,0.92388,300,0,1,1),(800479,190667,0,40,2,1,1,-1145.68,1610.13,54.16,1.55,0,0,-0.38,0.92388,300,0,1,1),(800478,190667,0,40,2,1,1,-1168.02,1610.93,54.16,1.6,0,0,-0.38,0.92388,300,0,1,1),(800477,190667,0,40,2,1,1,-1187.81,1690.15,54.16,1.57,0,0,-0.38,0.92388,300,0,1,1),(800476,190667,0,40,2,1,1,-1208.22,1609.02,54.21,1.6,0,0,-0.38,0.92388,300,0,1,1),(800475,194560,0,40,2,1,1,-1066.85,1596.16,54.16,0,0,0,-0.38,0.92388,300,0,1,1),(800474,194560,0,40,2,1,1,-1218.87,1602.32,57.47,1.54,0,0,-0.38,0.92388,300,0,1,1),(800473,194560,0,40,2,1,1,-1210.51,1600.16,54.16,1.54,0,0,-0.38,0.92388,300,0,1,1),(800472,194560,0,40,2,1,1,-1200.47,1600.08,54.16,1.54,0,0,-0.38,0.92388,300,0,1,1),(800471,194560,0,40,2,1,1,-1190.08,1600.11,54.16,1.54,0,0,-0.38,0.92388,300,0,1,1),(800470,194560,0,40,2,1,1,-1179.37,1599.94,54.16,1.54,0,0,-0.38,0.92388,300,0,1,1),(800469,194560,0,40,2,1,1,-1169.1,1599.9,54.16,1.54,0,0,-0.38,0.92388,300,0,1,1),(800468,194560,0,40,2,1,1,-1158.34,1599.99,54.16,1.54,0,0,-0.38,0.92388,300,0,1,1),(800467,194560,0,40,2,1,1,-1147,1600.1,54.16,1.54,0,0,-0.38,0.92388,300,0,1,1),(800466,194560,0,40,2,1,1,-1137.13,1600.24,54.16,1.54,0,0,-0.38,0.92388,300,0,1,1),(800465,194560,0,40,2,1,1,-1125.99,1600.01,54.16,1.54,0,0,-0.38,0.92388,300,0,1,1),(800464,194560,0,40,2,1,1,-1115.46,1600.09,54.16,1.54,0,0,-0.38,0.92388,300,0,1,1),(800463,194560,0,40,2,1,1,-1105.33,1600.1,54.16,1.54,0,0,-0.38,0.92388,300,0,1,1),(800462,194560,0,40,2,1,1,-1096.23,1599.79,54.16,1.54,0,0,-0.38,0.92388,300,0,1,1),(800461,194560,0,40,2,1,1,-1084.13,1600.07,54.16,1.54,0,0,-0.38,0.92388,300,0,1,1),(800460,194560,0,40,2,1,1,-1066.72,1585.47,54.16,0,0,0,-0.38,0.92388,300,0,1,1),(800459,194560,0,40,2,1,1,-1066.73,1581.71,54.16,0,0,0,-0.38,0.92388,300,0,1,1),(800458,194560,0,40,2,1,1,-1066.51,1571.32,54.16,0,0,0,-0.38,0.92388,300,0,1,1),(800457,194560,0,40,2,1,1,-1066.84,1561.28,54.16,0,0,0,-0.38,0.92388,300,0,1,1),(800456,194560,0,40,2,1,1,-1066.78,1551.2,54.16,0,0,0,-0.38,0.92388,300,0,1,1),(800455,194560,0,40,2,1,1,-1066.79,1540.96,54.16,0,0,0,-0.38,0.92388,300,0,1,1),(800411,194560,0,40,2,1,1,-1066.63,1531.44,54.16,0,0,0,-0.38,0.92388,300,0,1,1),(800410,194560,0,40,2,1,1,-1066.4,1520.55,54.16,0,0,0,-0.38,0.92388,300,0,1,1),(800409,194560,0,40,2,1,1,-1066.79,1509.51,54.16,0,0,0,-0.38,0.92388,300,0,1,1),(800408,194560,0,40,2,1,1,-1066.73,1500.49,54.16,0,0,0,-0.38,0.92388,300,0,1,1),(800407,194560,0,40,2,1,1,-1066.6,1490.59,54.16,0,0,0,-0.38,0.92388,300,0,1,1),(800454,194560,0,40,2,1,1,-1066.72,1481.04,54.16,0,0,0,-0.38,0.92388,300,0,1,1),(800405,194560,0,40,2,1,1,-1066.59,1471.46,54.16,0,0,0,-0.38,0.92388,300,0,1,1),(800404,194560,0,40,2,1,1,-1066.75,1461.96,54.16,0,0,0,-0.38,0.92388,300,0,1,1),(800403,194560,0,40,2,1,1,-1066.65,1450.67,54.16,0,0,0,-0.38,0.92388,300,0,1,1),(800453,194560,0,40,2,1,1,-1066.83,1439.51,54.16,0,0,0,-0.38,0.92388,300,0,1,1),(800402,194560,0,40,2,1,1,-1072.41,1600.22,54.16,1.54,0,0,-0.38,0.92388,300,0,1,1),(800401,183450,0,40,2,1,1,-1066.56,1592.61,54.16,0,0,0,-0.38,0.92388,300,0,1,1),(800400,194560,0,40,2,1,1,-1069.56,1388.88,58.21,3,0,0,-0.38,0.92388,300,0,1,1),(800399,194560,0,40,2,1,1,-1066.74,1429.4,54.16,0,0,0,-0.38,0.92388,300,0,1,1),(800398,194560,0,40,2,1,1,-1066.53,1419.76,54.16,0,0,0,-0.38,0.92388,300,0,1,1),(800397,194560,0,40,2,1,1,-1066.93,1408.74,54.18,0,0,0,-0.38,0.92388,300,0,1,1),(800396,194560,0,40,2,1,1,-1066.59,1397.59,54.71,0,0,0,-0.38,0.92388,300,0,1,1),(800395,190667,0,40,2,1,1,-806.45,1534.33,20.77,2.20858,0,0,-0.38,0.92388,300,0,1,1),(800394,142342,0,40,2,1,1,-5071.69,2443.24,388.186,2.29568,0,0,-0.38,0.92388,300,0,1,1),(800393,190897,0,40,2,1,1,-9765.88,2132.02,11.26,2.29568,0,0,-0.38,0.92388,300,0,1,1),(800392,190897,0,40,2,1,1,-9762.25,2134.93,11.81,2.32709,0,0,-0.38,0.92388,300,0,1,1),(800391,190897,0,40,2,1,1,-9759.82,2137.7,11.13,5.47262,0,0,-0.38,0.92388,300,0,1,1),(800390,190897,0,40,2,1,1,-9757.26,2140.36,11.09,2.3585,0,0,-0.38,0.92388,300,0,1,1),(800389,190897,0,40,2,1,1,-9752.81,2144.55,11.48,5.35088,0,0,-0.38,0.92388,300,0,1,1),(800388,190897,0,40,2,1,1,-9749.98,2146.9,10.91,5.43348,0,0,-0.38,0.92388,300,0,1,1),(800387,186736,0,40,2,1,1,-9797.84,2100.01,10.85,1.12,0,0,-0.38,0.92388,600,0,1,1),(800386,186736,0,40,2,1,1,-9877.94,2090.51,-35.2,1.12,0,0,-0.38,0.92388,600,0,1,1),(800385,186736,0,40,2,1,1,-9791.27,2106.13,12.42,1.12,0,0,-0.38,0.92388,360,0,1,1),(800384,186736,0,40,2,1,1,-9814.05,2031.37,10.2,1.12,0,0,-0.38,0.92388,600,0,1,1),(800383,186736,0,40,2,1,1,-9776.15,2078.46,-6.34,1.12,0,0,-0.38,0.92388,600,0,1,1),(800382,186736,0,40,2,1,1,-9755.08,2103.16,-19.24,1.12,0,0,-0.38,0.92388,600,0,1,1),(800381,186736,0,40,2,1,1,-9760.05,2140.27,-9.3,1.12,0,0,-0.38,0.92388,600,0,1,1),(800380,186736,0,40,2,1,1,-9795.74,2149.91,-6.04,1.12,0,0,-0.38,0.92388,600,0,1,1),(800379,186736,0,40,2,1,1,-9861.7,2118.26,-34.22,1.12,0,0,-0.38,0.92388,600,0,1,1),(800378,186736,0,40,2,1,1,-9877.94,2090.51,-35.2,1.12,0,0,-0.38,0.92388,600,0,1,1),(800377,186736,0,40,2,1,1,-9794.58,2083.67,13.07,1.12,0,0,-0.38,0.92388,600,0,1,1),(800376,800974,0,40,2,1,1,7948.09,2146.09,13.9185,1.12,0,0,-0.38,0.92388,300,0,1,1),(800375,184139,0,40,2,1,1,-9792.68,2111.31,12.41,6.17,0,0,-0.38,0.92388,300,0,1,1),(800374,800111,0,40,2,1,1,-9791.47,2122.56,11.01,6.17,0,0,-0.38,0.92388,300,0,1,1),(800373,183458,0,40,2,1,1,-9791.47,2122.56,11.01,6.17,0,0,-0.38,0.92388,300,0,1,1),(800372,22713,0,40,2,1,1,-9804.92,2105.58,11.59,6.17,0,0,-0.38,0.92388,300,0,1,1),(800371,22713,0,40,2,1,1,-9804.66,2107.37,11.76,6.17,0,0,-0.38,0.92388,300,0,1,1),(800261,165738,571,0,0,1,1,5744.54,589.668,649.463,3.8498,0,0,0.937957,-0.346752,300,0,1,0),(800260,165738,571,0,0,1,1,5811.95,667.079,647.578,2.06848,0,0,0.859474,0.51118,300,0,1,0),(800259,165738,571,0,0,1,1,5829.65,647.204,647.572,0.72872,0,0,0.356351,0.934352,300,0,1,0),(800258,165738,571,0,0,1,1,5809.04,624.519,647.696,5.45638,0,0,0.401727,-0.915759,300,0,1,0),(800257,165738,1,0,0,1,1,-982.056,-3635.22,19.3351,2.37566,0,0,0.927561,0.373672,300,0,1,0),(800256,180405,0,0,0,1,1,-9795.96,2099.45,10.2603,0.794411,0,0,0.386843,0.922146,300,0,1,0),(800255,165738,1,0,0,1,1,-970.947,-3671.03,9.26851,2.49609,0,0,0.948366,0.317177,300,0,1,0),(800254,165738,1,0,0,1,1,-900.694,-3750.64,10.6098,2.53122,0,0,0.95379,0.300473,300,0,1,0),(800253,165738,1,0,0,1,1,-823.421,-3805.12,11.5828,5.64816,0,0,0.312206,-0.950014,300,0,1,0),(800252,165738,1,0,0,1,1,-833.326,-3778.14,17.7685,0.408677,0,0,0.20292,0.979195,300,0,1,0),(800251,180405,0,0,0,1,1,-9778.79,2096.44,12.0337,4.05774,0,0,0.896906,-0.442221,300,0,1,0),(800250,165738,1,0,0,1,1,-878.788,-3778,14.5507,6.23524,0,0,0.0239689,-0.999713,300,0,1,0),(800249,165738,1,0,0,1,1,-919.897,-3764.66,9.55977,5.87898,0,0,0.20073,-0.979647,300,0,1,0),(800248,165738,1,0,0,1,1,-939.31,-3757.27,6.30076,5.11125,0,0,0.553005,-0.833178,300,0,1,0),(800247,165738,1,0,0,1,1,-965.353,-3747.63,5.14017,4.21808,0,0,0.858611,-0.512628,300,0,1,0),(800246,165738,1,0,0,1,1,-971.428,-3735.72,6.067,3.09409,0,0,0.999718,0.0237509,300,0,1,0),(800245,165738,1,0,0,1,1,-946.406,-3728.4,6.54083,1.48838,0,0,0.677377,0.735636,300,0,1,0),(800244,165738,1,0,0,1,1,1665.72,-4350.86,31.4763,0.576965,0,0,0.284498,0.958677,300,0,1,0),(800243,165738,1,0,0,1,1,1683.98,-4374.3,24.6591,1.20419,0,0,0.566372,0.82415,300,0,1,0),(800242,165738,1,0,0,1,1,1678.36,-4407.78,20.2712,0.130379,0,0,0.0651434,0.997876,300,0,1,0),(800241,165738,1,0,0,1,1,1653.59,-4436.15,17.9777,5.20427,0,0,0.513671,-0.857987,300,0,1,0),(800240,165738,1,0,0,1,1,1594.6,-4416.23,9.65994,6.01716,0,0,0.132622,-0.991167,300,0,1,0),(800239,165738,1,0,0,1,1,1482.56,-4428.25,25.4629,4.12042,0,0,0.882608,-0.470109,300,0,1,0),(800238,165738,1,0,0,1,1,1478.29,-4407.79,25.4629,3.26739,0,0,0.998022,-0.0628582,300,0,1,0),(800237,165738,1,0,0,1,1,1629.36,-4373.39,31.2564,3.54839,0,0,0.979386,-0.201999,300,0,1,0),(800236,165738,0,0,0,1,1,-8995.33,475.813,96.8489,3.78676,0,0,0.94842,-0.317016,300,0,1,0),(800235,165738,0,0,0,1,1,-8989.77,553.215,94.1021,3.26992,0,0,0.997942,-0.0641207,300,0,1,0),(800234,165738,0,0,0,1,1,-8939.8,564.227,93.8018,1.16745,0,0,0.551138,0.834414,300,0,1,0),(800233,165738,0,0,0,1,1,-8908.05,521.646,93.8411,0.871403,0,0,0.422046,0.906574,300,0,1,0),(800232,165738,0,0,0,1,1,-8792.85,582.292,97.488,5.09553,0,0,0.559536,-0.828806,300,0,1,0),(800231,165738,0,0,0,1,1,-8861.95,636.055,96.1344,4.93998,0,0,0.622241,-0.782826,300,0,1,0),(800197,190692,0,0,0,1,1,-9784.64,2106.67,12.3923,1.11191,0,0,0.527754,0.849397,300,0,1,0),(800230,165738,0,0,0,1,1,-8874.15,639.459,96.0907,3.54001,0,0,0.980224,-0.197893,300,0,1,0),(800229,165738,0,0,0,1,1,-8856.72,663.938,97.241,1.9042,0,0,0.814635,0.579974,300,0,1,0),(800228,165738,0,0,0,1,1,-8828.4,648.672,94.8976,1.91424,0,0,0.817535,0.575878,300,0,1,0),(800227,180405,0,0,0,1,1,-9785.12,2105.15,12.2436,1.29115,0,0,0.601657,0.798755,300,0,1,0),(800226,165738,0,0,0,1,1,-8824.33,609.065,95.1239,4.55863,0,0,0.759327,-0.650709,300,0,1,0),(800225,165738,0,0,0,1,1,-8793.15,625.565,94.8854,5.14069,0,0,0.54068,-0.841228,300,0,1,0),(800224,165738,0,0,0,1,1,-8791.85,649.109,95.1072,0.553532,0,0,0.273246,0.961944,300,0,1,0),(800199,190692,0,0,0,1,1,-9778.09,2098.01,12.0505,2.19968,0,0,0.891135,0.453738,300,0,1,0),(800223,165738,0,0,0,1,1,-8818.01,652.469,94.8967,0.864637,0,0,0.418977,0.907997,300,0,1,0),(800222,165738,0,0,0,1,1,-10243.1,1380.59,39.2497,4.22819,0,0,0.856008,-0.516963,300,0,1,0),(800220,165738,0,0,0,1,1,-10263.6,1355.25,42.4975,2.67266,0,0,0.972639,0.232322,300,0,1,0),(800219,165738,0,0,0,1,1,-10303.6,1359.58,40.1584,0.423807,0,0,0.210321,0.977632,300,0,1,0),(800218,165738,0,0,0,1,1,-10402,1213.28,43.9881,4.76008,0,0,0.690047,-0.723765,300,0,1,0),(800221,165738,0,0,0,1,1,-10277.1,1406.59,38.9803,4.76008,0,0,0.690046,-0.723765,300,0,1,0),(800216,165738,0,0,0,1,1,-9731.25,2166.81,6.53972,1.34757,0,0,0.623948,0.781466,300,0,1,0),(800215,165738,0,0,0,1,1,-9787.74,2084.45,10.0368,2.67227,0,0,0.972594,0.232511,300,0,1,0),(800217,165738,0,0,0,1,1,-9803.92,2106.17,11.8486,5.31754,0,0,0.464283,-0.885687,300,0,1,0);
