INSERT INTO `item_template` (`entry`, `class`, `subclass`, `SoundOverrideSubclass`, `name`, `displayid`, `Quality`, `Flags`, `FlagsExtra`, `BuyCount`, `BuyPrice`, `SellPrice`, `InventoryType`, `AllowableClass`, `AllowableRace`, `ItemLevel`, `RequiredLevel`, `RequiredSkill`, `RequiredSkillRank`, `requiredspell`, `requiredhonorrank`, `RequiredCityRank`, `RequiredReputationFaction`, `RequiredReputationRank`, `maxcount`, `stackable`, `ContainerSlots`, `StatsCount`, `stat_type1`, `stat_value1`, `stat_type2`, `stat_value2`, `stat_type3`, `stat_value3`, `stat_type4`, `stat_value4`, `stat_type5`, `stat_value5`, `stat_type6`, `stat_value6`, `stat_type7`, `stat_value7`, `stat_type8`, `stat_value8`, `stat_type9`, `stat_value9`, `stat_type10`, `stat_value10`, `ScalingStatDistribution`, `ScalingStatValue`, `dmg_min1`, `dmg_max1`, `dmg_type1`, `dmg_min2`, `dmg_max2`, `dmg_type2`, `armor`, `holy_res`, `fire_res`, `nature_res`, `frost_res`, `shadow_res`, `arcane_res`, `delay`, `ammo_type`, `RangedModRange`, `spellid_1`, `spelltrigger_1`, `spellcharges_1`, `spellppmRate_1`, `spellcooldown_1`, `spellcategory_1`, `spellcategorycooldown_1`, `spellid_2`, `spelltrigger_2`, `spellcharges_2`, `spellppmRate_2`, `spellcooldown_2`, `spellcategory_2`, `spellcategorycooldown_2`, `spellid_3`, `spelltrigger_3`, `spellcharges_3`, `spellppmRate_3`, `spellcooldown_3`, `spellcategory_3`, `spellcategorycooldown_3`, `spellid_4`, `spelltrigger_4`, `spellcharges_4`, `spellppmRate_4`, `spellcooldown_4`, `spellcategory_4`, `spellcategorycooldown_4`, `spellid_5`, `spelltrigger_5`, `spellcharges_5`, `spellppmRate_5`, `spellcooldown_5`, `spellcategory_5`, `spellcategorycooldown_5`, `bonding`, `description`, `PageText`, `LanguageID`, `PageMaterial`, `startquest`, `lockid`, `Material`, `sheath`, `RandomProperty`, `RandomSuffix`, `block`, `itemset`, `MaxDurability`, `area`, `Map`, `BagFamily`, `TotemCategory`, `socketColor_1`, `socketContent_1`, `socketColor_2`, `socketContent_2`, `socketColor_3`, `socketContent_3`, `socketBonus`, `GemProperties`, `RequiredDisenchantSkill`, `ArmorDamageModifier`, `duration`, `ItemLimitCategory`, `HolidayId`, `ScriptName`, `DisenchantID`, `FoodType`, `minMoneyLoot`, `maxMoneyLoot`, `flagsCustom`, `VerifiedBuild`) VALUES ('700526', '15', '0', '-1', 'Bag of Treasures', '3568', '1', '4', '0', '1', '0', '0', '0', '-1', '-1', '80', '80', '0', '0', '0', '0', '0', '0', '0', '0', '1', '0', '0', '0', '0', '0', '0', '0', '0', '0', '0', '0', '0', '0', '0', '0', '0', '0', '0', '0', '0', '0', '0', '0', '0', '0', '0', '0', '0', '0', '0', '0', '0', '0', '0', '0', '0', '0', '0', '0', '0', '0', '0', '0', '0', '-1', '0', '-1', '0', '0', '0', '0', '-1', '0', '-1', '0', '0', '0', '0', '-1', '0', '-1', '0', '0', '0', '0', '-1', '0', '-1', '0', '0', '0', '0', '-1', '0', '-1', '1', '', '0', '0', '0', '0', '0', '3', '0', '0', '0', '0', '0', '0', '0', '0', '0', '0', '0', '0', '0', '0', '0', '0', '0', '0', '-1', '0', '0', '0', '0', '', '0', '0', '50000', '90000', '0', '12340');

UPDATE `gameobject_loot_template` SET `Chance`='0.1' WHERE `Entry`='500115' and`Item`='200000';

INSERT INTO `gameobject_loot_template` (`Entry`, `Item`, `Reference`, `Chance`, `QuestRequired`, `LootMode`, `GroupId`, `MinCount`, `MaxCount`) VALUES ('500115', '700526', '0', '20', '0', '1', '0', '1', '1');
INSERT INTO `item_loot_template` (`Entry`, `Item`, `Reference`, `Chance`, `QuestRequired`, `LootMode`, `GroupId`, `MinCount`, `MaxCount`) VALUES ('700526', '200000', '0', '0.1', '0', '0', '0', '1', '1');
INSERT INTO `item_loot_template` (`Entry`, `Item`, `Reference`, `Chance`, `QuestRequired`, `LootMode`, `GroupId`, `MinCount`, `MaxCount`) VALUES ('700526', '7147', '0', '7.5', '0', '0', '0', '1', '1');
INSERT INTO `item_loot_template` (`Entry`, `Item`, `Reference`, `Chance`, `QuestRequired`, `LootMode`, `GroupId`, `MinCount`, `MaxCount`) VALUES ('700526', '38186', '0', '1', '0', '0', '0', '1', '1');
INSERT INTO `item_loot_template` (`Entry`, `Item`, `Reference`, `Chance`, `QuestRequired`, `LootMode`, `GroupId`, `MinCount`, `MaxCount`) VALUES ('700526', '7075', '0', '100', '0', '0', '0', '1', '9');

UPDATE `item_loot_template` SET `LootMode`='1', `GroupId`='1' WHERE `Entry`='700526' and`Item`='200000';
UPDATE `item_loot_template` SET `LootMode`='1', `GroupId`='2' WHERE `Entry`='700526' and`Item`='7147';
UPDATE `item_loot_template` SET `LootMode`='1', `GroupId`='3' WHERE `Entry`='700526' and`Item`='38186';
UPDATE `item_loot_template` SET `LootMode`='1', `GroupId`='4' WHERE `Entry`='700526' and`Item`='7075';

INSERT INTO `gameobject_loot_template` (`Entry`, `Item`, `Chance`, `QuestRequired`, `LootMode`, `GroupId`, `MinCount`, `MaxCount`) VALUES ('500115', '700528', '30', '0', '1', '4', '1', '1');
INSERT INTO `gameobject_loot_template` (`Entry`, `Item`, `Chance`, `QuestRequired`, `LootMode`, `GroupId`, `MinCount`, `MaxCount`) VALUES ('500115', '700529', '40', '0', '1', '3', '1', '1');
INSERT INTO `gameobject_loot_template` (`Entry`, `Item`, `Chance`, `QuestRequired`, `LootMode`, `GroupId`, `MinCount`, `MaxCount`) VALUES ('500115', '700530', '50', '0', '1', '2', '1', '1');
INSERT INTO `gameobject_loot_template` (`Entry`, `Item`, `Chance`, `QuestRequired`, `LootMode`, `GroupId`, `MinCount`, `MaxCount`) VALUES ('500115', '700531', '60', '0', '1', '1', '1', '1');
UPDATE `gameobject_loot_template` SET `Item`='700527', `Chance`='20', `GroupId`='5' WHERE `Entry`='500115' and`Item`='700526';

INSERT INTO `item_template` (`entry`, `class`, `subclass`, `SoundOverrideSubclass`, `name`, `displayid`, `Quality`, `Flags`, `FlagsExtra`, `BuyCount`, `BuyPrice`, `SellPrice`, `InventoryType`, `AllowableClass`, `AllowableRace`, `ItemLevel`, `RequiredLevel`, `RequiredSkill`, `RequiredSkillRank`, `requiredspell`, `requiredhonorrank`, `RequiredCityRank`, `RequiredReputationFaction`, `RequiredReputationRank`, `maxcount`, `stackable`, `ContainerSlots`, `StatsCount`, `stat_type1`, `stat_value1`, `stat_type2`, `stat_value2`, `stat_type3`, `stat_value3`, `stat_type4`, `stat_value4`, `stat_type5`, `stat_value5`, `stat_type6`, `stat_value6`, `stat_type7`, `stat_value7`, `stat_type8`, `stat_value8`, `stat_type9`, `stat_value9`, `stat_type10`, `stat_value10`, `ScalingStatDistribution`, `ScalingStatValue`, `dmg_min1`, `dmg_max1`, `dmg_type1`, `dmg_min2`, `dmg_max2`, `dmg_type2`, `armor`, `holy_res`, `fire_res`, `nature_res`, `frost_res`, `shadow_res`, `arcane_res`, `delay`, `ammo_type`, `RangedModRange`, `spellid_1`, `spelltrigger_1`, `spellcharges_1`, `spellppmRate_1`, `spellcooldown_1`, `spellcategory_1`, `spellcategorycooldown_1`, `spellid_2`, `spelltrigger_2`, `spellcharges_2`, `spellppmRate_2`, `spellcooldown_2`, `spellcategory_2`, `spellcategorycooldown_2`, `spellid_3`, `spelltrigger_3`, `spellcharges_3`, `spellppmRate_3`, `spellcooldown_3`, `spellcategory_3`, `spellcategorycooldown_3`, `spellid_4`, `spelltrigger_4`, `spellcharges_4`, `spellppmRate_4`, `spellcooldown_4`, `spellcategory_4`, `spellcategorycooldown_4`, `spellid_5`, `spelltrigger_5`, `spellcharges_5`, `spellppmRate_5`, `spellcooldown_5`, `spellcategory_5`, `spellcategorycooldown_5`, `bonding`, `description`, `PageText`, `LanguageID`, `PageMaterial`, `startquest`, `lockid`, `Material`, `sheath`, `RandomProperty`, `RandomSuffix`, `block`, `itemset`, `MaxDurability`, `area`, `Map`, `BagFamily`, `TotemCategory`, `socketColor_1`, `socketContent_1`, `socketColor_2`, `socketContent_2`, `socketColor_3`, `socketContent_3`, `socketBonus`, `GemProperties`, `RequiredDisenchantSkill`, `ArmorDamageModifier`, `duration`, `ItemLimitCategory`, `HolidayId`, `ScriptName`, `DisenchantID`, `FoodType`, `minMoneyLoot`, `maxMoneyLoot`, `flagsCustom`, `VerifiedBuild`) VALUES ('700527', '15', '0', '-1', 'Bag of Treasures', '3568', '5', '4', '0', '1', '0', '0', '0', '-1', '-1', '80', '80', '0', '0', '0', '0', '0', '0', '0', '0', '1', '0', '0', '0', '0', '0', '0', '0', '0', '0', '0', '0', '0', '0', '0', '0', '0', '0', '0', '0', '0', '0', '0', '0', '0', '0', '0', '0', '0', '0', '0', '0', '0', '0', '0', '0', '0', '0', '0', '0', '0', '0', '0', '0', '0', '-1', '0', '-1', '0', '0', '0', '0', '-1', '0', '-1', '0', '0', '0', '0', '-1', '0', '-1', '0', '0', '0', '0', '-1', '0', '-1', '0', '0', '0', '0', '-1', '0', '-1', '1', '', '0', '0', '0', '0', '0', '3', '0', '0', '0', '0', '0', '0', '0', '0', '0', '0', '0', '0', '0', '0', '0', '0', '0', '0', '-1', '0', '0', '0', '0', '', '0', '0', '260000', '2000000', '0', '12340');
INSERT INTO `item_template` (`entry`, `class`, `subclass`, `SoundOverrideSubclass`, `name`, `displayid`, `Quality`, `Flags`, `FlagsExtra`, `BuyCount`, `BuyPrice`, `SellPrice`, `InventoryType`, `AllowableClass`, `AllowableRace`, `ItemLevel`, `RequiredLevel`, `RequiredSkill`, `RequiredSkillRank`, `requiredspell`, `requiredhonorrank`, `RequiredCityRank`, `RequiredReputationFaction`, `RequiredReputationRank`, `maxcount`, `stackable`, `ContainerSlots`, `StatsCount`, `stat_type1`, `stat_value1`, `stat_type2`, `stat_value2`, `stat_type3`, `stat_value3`, `stat_type4`, `stat_value4`, `stat_type5`, `stat_value5`, `stat_type6`, `stat_value6`, `stat_type7`, `stat_value7`, `stat_type8`, `stat_value8`, `stat_type9`, `stat_value9`, `stat_type10`, `stat_value10`, `ScalingStatDistribution`, `ScalingStatValue`, `dmg_min1`, `dmg_max1`, `dmg_type1`, `dmg_min2`, `dmg_max2`, `dmg_type2`, `armor`, `holy_res`, `fire_res`, `nature_res`, `frost_res`, `shadow_res`, `arcane_res`, `delay`, `ammo_type`, `RangedModRange`, `spellid_1`, `spelltrigger_1`, `spellcharges_1`, `spellppmRate_1`, `spellcooldown_1`, `spellcategory_1`, `spellcategorycooldown_1`, `spellid_2`, `spelltrigger_2`, `spellcharges_2`, `spellppmRate_2`, `spellcooldown_2`, `spellcategory_2`, `spellcategorycooldown_2`, `spellid_3`, `spelltrigger_3`, `spellcharges_3`, `spellppmRate_3`, `spellcooldown_3`, `spellcategory_3`, `spellcategorycooldown_3`, `spellid_4`, `spelltrigger_4`, `spellcharges_4`, `spellppmRate_4`, `spellcooldown_4`, `spellcategory_4`, `spellcategorycooldown_4`, `spellid_5`, `spelltrigger_5`, `spellcharges_5`, `spellppmRate_5`, `spellcooldown_5`, `spellcategory_5`, `spellcategorycooldown_5`, `bonding`, `description`, `PageText`, `LanguageID`, `PageMaterial`, `startquest`, `lockid`, `Material`, `sheath`, `RandomProperty`, `RandomSuffix`, `block`, `itemset`, `MaxDurability`, `area`, `Map`, `BagFamily`, `TotemCategory`, `socketColor_1`, `socketContent_1`, `socketColor_2`, `socketContent_2`, `socketColor_3`, `socketContent_3`, `socketBonus`, `GemProperties`, `RequiredDisenchantSkill`, `ArmorDamageModifier`, `duration`, `ItemLimitCategory`, `HolidayId`, `ScriptName`, `DisenchantID`, `FoodType`, `minMoneyLoot`, `maxMoneyLoot`, `flagsCustom`, `VerifiedBuild`) VALUES ('700528', '15', '0', '-1', 'Bag of Treasures', '3568', '4', '4', '0', '1', '0', '0', '0', '-1', '-1', '70', '70', '0', '0', '0', '0', '0', '0', '0', '0', '1', '0', '0', '0', '0', '0', '0', '0', '0', '0', '0', '0', '0', '0', '0', '0', '0', '0', '0', '0', '0', '0', '0', '0', '0', '0', '0', '0', '0', '0', '0', '0', '0', '0', '0', '0', '0', '0', '0', '0', '0', '0', '0', '0', '0', '-1', '0', '-1', '0', '0', '0', '0', '-1', '0', '-1', '0', '0', '0', '0', '-1', '0', '-1', '0', '0', '0', '0', '-1', '0', '-1', '0', '0', '0', '0', '-1', '0', '-1', '1', '', '0', '0', '0', '0', '0', '3', '0', '0', '0', '0', '0', '0', '0', '0', '0', '0', '0', '0', '0', '0', '0', '0', '0', '0', '-1', '0', '0', '0', '0', '', '0', '0', '80000', '250000', '0', '12340');
INSERT INTO `item_template` (`entry`, `class`, `subclass`, `SoundOverrideSubclass`, `name`, `displayid`, `Quality`, `Flags`, `FlagsExtra`, `BuyCount`, `BuyPrice`, `SellPrice`, `InventoryType`, `AllowableClass`, `AllowableRace`, `ItemLevel`, `RequiredLevel`, `RequiredSkill`, `RequiredSkillRank`, `requiredspell`, `requiredhonorrank`, `RequiredCityRank`, `RequiredReputationFaction`, `RequiredReputationRank`, `maxcount`, `stackable`, `ContainerSlots`, `StatsCount`, `stat_type1`, `stat_value1`, `stat_type2`, `stat_value2`, `stat_type3`, `stat_value3`, `stat_type4`, `stat_value4`, `stat_type5`, `stat_value5`, `stat_type6`, `stat_value6`, `stat_type7`, `stat_value7`, `stat_type8`, `stat_value8`, `stat_type9`, `stat_value9`, `stat_type10`, `stat_value10`, `ScalingStatDistribution`, `ScalingStatValue`, `dmg_min1`, `dmg_max1`, `dmg_type1`, `dmg_min2`, `dmg_max2`, `dmg_type2`, `armor`, `holy_res`, `fire_res`, `nature_res`, `frost_res`, `shadow_res`, `arcane_res`, `delay`, `ammo_type`, `RangedModRange`, `spellid_1`, `spelltrigger_1`, `spellcharges_1`, `spellppmRate_1`, `spellcooldown_1`, `spellcategory_1`, `spellcategorycooldown_1`, `spellid_2`, `spelltrigger_2`, `spellcharges_2`, `spellppmRate_2`, `spellcooldown_2`, `spellcategory_2`, `spellcategorycooldown_2`, `spellid_3`, `spelltrigger_3`, `spellcharges_3`, `spellppmRate_3`, `spellcooldown_3`, `spellcategory_3`, `spellcategorycooldown_3`, `spellid_4`, `spelltrigger_4`, `spellcharges_4`, `spellppmRate_4`, `spellcooldown_4`, `spellcategory_4`, `spellcategorycooldown_4`, `spellid_5`, `spelltrigger_5`, `spellcharges_5`, `spellppmRate_5`, `spellcooldown_5`, `spellcategory_5`, `spellcategorycooldown_5`, `bonding`, `description`, `PageText`, `LanguageID`, `PageMaterial`, `startquest`, `lockid`, `Material`, `sheath`, `RandomProperty`, `RandomSuffix`, `block`, `itemset`, `MaxDurability`, `area`, `Map`, `BagFamily`, `TotemCategory`, `socketColor_1`, `socketContent_1`, `socketColor_2`, `socketContent_2`, `socketColor_3`, `socketContent_3`, `socketBonus`, `GemProperties`, `RequiredDisenchantSkill`, `ArmorDamageModifier`, `duration`, `ItemLimitCategory`, `HolidayId`, `ScriptName`, `DisenchantID`, `FoodType`, `minMoneyLoot`, `maxMoneyLoot`, `flagsCustom`, `VerifiedBuild`) VALUES ('700529', '15', '0', '-1', 'Bag of Treasures', '3568', '3', '4', '0', '1', '0', '0', '0', '-1', '-1', '60', '60', '0', '0', '0', '0', '0', '0', '0', '0', '1', '0', '0', '0', '0', '0', '0', '0', '0', '0', '0', '0', '0', '0', '0', '0', '0', '0', '0', '0', '0', '0', '0', '0', '0', '0', '0', '0', '0', '0', '0', '0', '0', '0', '0', '0', '0', '0', '0', '0', '0', '0', '0', '0', '0', '-1', '0', '-1', '0', '0', '0', '0', '-1', '0', '-1', '0', '0', '0', '0', '-1', '0', '-1', '0', '0', '0', '0', '-1', '0', '-1', '0', '0', '0', '0', '-1', '0', '-1', '1', '', '0', '0', '0', '0', '0', '3', '0', '0', '0', '0', '0', '0', '0', '0', '0', '0', '0', '0', '0', '0', '0', '0', '0', '0', '-1', '0', '0', '0', '0', '', '0', '0', '50000', '70000', '0', '12340');
INSERT INTO `item_template` (`entry`, `class`, `subclass`, `SoundOverrideSubclass`, `name`, `displayid`, `Quality`, `Flags`, `FlagsExtra`, `BuyCount`, `BuyPrice`, `SellPrice`, `InventoryType`, `AllowableClass`, `AllowableRace`, `ItemLevel`, `RequiredLevel`, `RequiredSkill`, `RequiredSkillRank`, `requiredspell`, `requiredhonorrank`, `RequiredCityRank`, `RequiredReputationFaction`, `RequiredReputationRank`, `maxcount`, `stackable`, `ContainerSlots`, `StatsCount`, `stat_type1`, `stat_value1`, `stat_type2`, `stat_value2`, `stat_type3`, `stat_value3`, `stat_type4`, `stat_value4`, `stat_type5`, `stat_value5`, `stat_type6`, `stat_value6`, `stat_type7`, `stat_value7`, `stat_type8`, `stat_value8`, `stat_type9`, `stat_value9`, `stat_type10`, `stat_value10`, `ScalingStatDistribution`, `ScalingStatValue`, `dmg_min1`, `dmg_max1`, `dmg_type1`, `dmg_min2`, `dmg_max2`, `dmg_type2`, `armor`, `holy_res`, `fire_res`, `nature_res`, `frost_res`, `shadow_res`, `arcane_res`, `delay`, `ammo_type`, `RangedModRange`, `spellid_1`, `spelltrigger_1`, `spellcharges_1`, `spellppmRate_1`, `spellcooldown_1`, `spellcategory_1`, `spellcategorycooldown_1`, `spellid_2`, `spelltrigger_2`, `spellcharges_2`, `spellppmRate_2`, `spellcooldown_2`, `spellcategory_2`, `spellcategorycooldown_2`, `spellid_3`, `spelltrigger_3`, `spellcharges_3`, `spellppmRate_3`, `spellcooldown_3`, `spellcategory_3`, `spellcategorycooldown_3`, `spellid_4`, `spelltrigger_4`, `spellcharges_4`, `spellppmRate_4`, `spellcooldown_4`, `spellcategory_4`, `spellcategorycooldown_4`, `spellid_5`, `spelltrigger_5`, `spellcharges_5`, `spellppmRate_5`, `spellcooldown_5`, `spellcategory_5`, `spellcategorycooldown_5`, `bonding`, `description`, `PageText`, `LanguageID`, `PageMaterial`, `startquest`, `lockid`, `Material`, `sheath`, `RandomProperty`, `RandomSuffix`, `block`, `itemset`, `MaxDurability`, `area`, `Map`, `BagFamily`, `TotemCategory`, `socketColor_1`, `socketContent_1`, `socketColor_2`, `socketContent_2`, `socketColor_3`, `socketContent_3`, `socketBonus`, `GemProperties`, `RequiredDisenchantSkill`, `ArmorDamageModifier`, `duration`, `ItemLimitCategory`, `HolidayId`, `ScriptName`, `DisenchantID`, `FoodType`, `minMoneyLoot`, `maxMoneyLoot`, `flagsCustom`, `VerifiedBuild`) VALUES ('700530', '15', '0', '-1', 'Bag of Treasures', '3568', '2', '4', '0', '1', '0', '0', '0', '-1', '-1', '40', '40', '0', '0', '0', '0', '0', '0', '0', '0', '1', '0', '0', '0', '0', '0', '0', '0', '0', '0', '0', '0', '0', '0', '0', '0', '0', '0', '0', '0', '0', '0', '0', '0', '0', '0', '0', '0', '0', '0', '0', '0', '0', '0', '0', '0', '0', '0', '0', '0', '0', '0', '0', '0', '0', '-1', '0', '-1', '0', '0', '0', '0', '-1', '0', '-1', '0', '0', '0', '0', '-1', '0', '-1', '0', '0', '0', '0', '-1', '0', '-1', '0', '0', '0', '0', '-1', '0', '-1', '1', '', '0', '0', '0', '0', '0', '3', '0', '0', '0', '0', '0', '0', '0', '0', '0', '0', '0', '0', '0', '0', '0', '0', '0', '0', '-1', '0', '0', '0', '0', '', '0', '0', '20000', '40000', '0', '12340');
UPDATE `item_template` SET `Quality`='6', `ItemLevel`='99', `RequiredLevel`='99', `minMoneyLoot`='1000000', `maxMoneyLoot`='100000000' WHERE `entry`='700526';
INSERT INTO `item_template` (`entry`, `class`, `subclass`, `SoundOverrideSubclass`, `name`, `displayid`, `Quality`, `Flags`, `FlagsExtra`, `BuyCount`, `BuyPrice`, `SellPrice`, `InventoryType`, `AllowableClass`, `AllowableRace`, `ItemLevel`, `RequiredLevel`, `RequiredSkill`, `RequiredSkillRank`, `requiredspell`, `requiredhonorrank`, `RequiredCityRank`, `RequiredReputationFaction`, `RequiredReputationRank`, `maxcount`, `stackable`, `ContainerSlots`, `StatsCount`, `stat_type1`, `stat_value1`, `stat_type2`, `stat_value2`, `stat_type3`, `stat_value3`, `stat_type4`, `stat_value4`, `stat_type5`, `stat_value5`, `stat_type6`, `stat_value6`, `stat_type7`, `stat_value7`, `stat_type8`, `stat_value8`, `stat_type9`, `stat_value9`, `stat_type10`, `stat_value10`, `ScalingStatDistribution`, `ScalingStatValue`, `dmg_min1`, `dmg_max1`, `dmg_type1`, `dmg_min2`, `dmg_max2`, `dmg_type2`, `armor`, `holy_res`, `fire_res`, `nature_res`, `frost_res`, `shadow_res`, `arcane_res`, `delay`, `ammo_type`, `RangedModRange`, `spellid_1`, `spelltrigger_1`, `spellcharges_1`, `spellppmRate_1`, `spellcooldown_1`, `spellcategory_1`, `spellcategorycooldown_1`, `spellid_2`, `spelltrigger_2`, `spellcharges_2`, `spellppmRate_2`, `spellcooldown_2`, `spellcategory_2`, `spellcategorycooldown_2`, `spellid_3`, `spelltrigger_3`, `spellcharges_3`, `spellppmRate_3`, `spellcooldown_3`, `spellcategory_3`, `spellcategorycooldown_3`, `spellid_4`, `spelltrigger_4`, `spellcharges_4`, `spellppmRate_4`, `spellcooldown_4`, `spellcategory_4`, `spellcategorycooldown_4`, `spellid_5`, `spelltrigger_5`, `spellcharges_5`, `spellppmRate_5`, `spellcooldown_5`, `spellcategory_5`, `spellcategorycooldown_5`, `bonding`, `description`, `PageText`, `LanguageID`, `PageMaterial`, `startquest`, `lockid`, `Material`, `sheath`, `RandomProperty`, `RandomSuffix`, `block`, `itemset`, `MaxDurability`, `area`, `Map`, `BagFamily`, `TotemCategory`, `socketColor_1`, `socketContent_1`, `socketColor_2`, `socketContent_2`, `socketColor_3`, `socketContent_3`, `socketBonus`, `GemProperties`, `RequiredDisenchantSkill`, `ArmorDamageModifier`, `duration`, `ItemLimitCategory`, `HolidayId`, `ScriptName`, `DisenchantID`, `FoodType`, `minMoneyLoot`, `maxMoneyLoot`, `flagsCustom`, `VerifiedBuild`) VALUES ('700531', '15', '0', '-1', 'Bag of Treasures', '3568', '1', '4', '0', '1', '0', '0', '0', '-1', '-1', '1', '0', '0', '0', '0', '0', '0', '0', '0', '0', '1', '0', '0', '0', '0', '0', '0', '0', '0', '0', '0', '0', '0', '0', '0', '0', '0', '0', '0', '0', '0', '0', '0', '0', '0', '0', '0', '0', '0', '0', '0', '0', '0', '0', '0', '0', '0', '0', '0', '0', '0', '0', '0', '0', '0', '-1', '0', '-1', '0', '0', '0', '0', '-1', '0', '-1', '0', '0', '0', '0', '-1', '0', '-1', '0', '0', '0', '0', '-1', '0', '-1', '0', '0', '0', '0', '-1', '0', '-1', '1', '', '0', '0', '0', '0', '0', '3', '0', '0', '0', '0', '0', '0', '0', '0', '0', '0', '0', '0', '0', '0', '0', '0', '0', '0', '-1', '0', '0', '0', '0', '', '0', '0', '5000', '10000', '0', '12340');

INSERT INTO `item_loot_template` (`Entry`, `Item`, `Reference`, `Chance`, `QuestRequired`, `LootMode`, `GroupId`, `MinCount`, `MaxCount`) VALUES ('700527', '200000', '0', '0.1', '0', '1', '1', '1', '1');
INSERT INTO `item_loot_template` (`Entry`, `Item`, `Reference`, `Chance`, `QuestRequired`, `LootMode`, `GroupId`, `MinCount`, `MaxCount`) VALUES ('700527', '7147', '0', '7.5', '0', '1', '2', '1', '1');
INSERT INTO `item_loot_template` (`Entry`, `Item`, `Reference`, `Chance`, `QuestRequired`, `LootMode`, `GroupId`, `MinCount`, `MaxCount`) VALUES ('700527', '38186', '0', '1', '0', '1', '3', '1', '1');
INSERT INTO `item_loot_template` (`Entry`, `Item`, `Reference`, `Chance`, `QuestRequired`, `LootMode`, `GroupId`, `MinCount`, `MaxCount`) VALUES ('700527', '7075', '0', '100', '0', '1', '4', '1', '9');
INSERT INTO `item_loot_template` (`Entry`, `Item`, `Reference`, `Chance`, `QuestRequired`, `LootMode`, `GroupId`, `MinCount`, `MaxCount`) VALUES ('700528', '200000', '0', '0.1', '0', '1', '1', '1', '1');
INSERT INTO `item_loot_template` (`Entry`, `Item`, `Reference`, `Chance`, `QuestRequired`, `LootMode`, `GroupId`, `MinCount`, `MaxCount`) VALUES ('700528', '7147', '0', '7.5', '0', '1', '2', '1', '1');
INSERT INTO `item_loot_template` (`Entry`, `Item`, `Reference`, `Chance`, `QuestRequired`, `LootMode`, `GroupId`, `MinCount`, `MaxCount`) VALUES ('700528', '38186', '0', '1', '0', '1', '3', '1', '1');
INSERT INTO `item_loot_template` (`Entry`, `Item`, `Reference`, `Chance`, `QuestRequired`, `LootMode`, `GroupId`, `MinCount`, `MaxCount`) VALUES ('700528', '7075', '0', '100', '0', '1', '4', '1', '9');
INSERT INTO `item_loot_template` (`Entry`, `Item`, `Reference`, `Chance`, `QuestRequired`, `LootMode`, `GroupId`, `MinCount`, `MaxCount`) VALUES ('700529', '200000', '0', '0.1', '0', '1', '1', '1', '1');
INSERT INTO `item_loot_template` (`Entry`, `Item`, `Reference`, `Chance`, `QuestRequired`, `LootMode`, `GroupId`, `MinCount`, `MaxCount`) VALUES ('700529', '7147', '0', '7.5', '0', '1', '2', '1', '1');
INSERT INTO `item_loot_template` (`Entry`, `Item`, `Reference`, `Chance`, `QuestRequired`, `LootMode`, `GroupId`, `MinCount`, `MaxCount`) VALUES ('700529', '38186', '0', '1', '0', '1', '3', '1', '1');
INSERT INTO `item_loot_template` (`Entry`, `Item`, `Reference`, `Chance`, `QuestRequired`, `LootMode`, `GroupId`, `MinCount`, `MaxCount`) VALUES ('700529', '7075', '0', '100', '0', '1', '4', '1', '9');
INSERT INTO `item_loot_template` (`Entry`, `Item`, `Reference`, `Chance`, `QuestRequired`, `LootMode`, `GroupId`, `MinCount`, `MaxCount`) VALUES ('700530', '200000', '0', '0.1', '0', '1', '1', '1', '1');
INSERT INTO `item_loot_template` (`Entry`, `Item`, `Reference`, `Chance`, `QuestRequired`, `LootMode`, `GroupId`, `MinCount`, `MaxCount`) VALUES ('700530', '7147', '0', '7.5', '0', '1', '2', '1', '1');
INSERT INTO `item_loot_template` (`Entry`, `Item`, `Reference`, `Chance`, `QuestRequired`, `LootMode`, `GroupId`, `MinCount`, `MaxCount`) VALUES ('700530', '38186', '0', '1', '0', '1', '3', '1', '1');
INSERT INTO `item_loot_template` (`Entry`, `Item`, `Reference`, `Chance`, `QuestRequired`, `LootMode`, `GroupId`, `MinCount`, `MaxCount`) VALUES ('700530', '7075', '0', '100', '0', '1', '4', '1', '9');
INSERT INTO `item_loot_template` (`Entry`, `Item`, `Reference`, `Chance`, `QuestRequired`, `LootMode`, `GroupId`, `MinCount`, `MaxCount`) VALUES ('700531', '200000', '0', '0.1', '0', '1', '1', '1', '1');
INSERT INTO `item_loot_template` (`Entry`, `Item`, `Reference`, `Chance`, `QuestRequired`, `LootMode`, `GroupId`, `MinCount`, `MaxCount`) VALUES ('700531', '7147', '0', '7.5', '0', '1', '2', '1', '1');
INSERT INTO `item_loot_template` (`Entry`, `Item`, `Reference`, `Chance`, `QuestRequired`, `LootMode`, `GroupId`, `MinCount`, `MaxCount`) VALUES ('700531', '38186', '0', '1', '0', '1', '3', '1', '1');
INSERT INTO `item_loot_template` (`Entry`, `Item`, `Reference`, `Chance`, `QuestRequired`, `LootMode`, `GroupId`, `MinCount`, `MaxCount`) VALUES ('700531', '7075', '0', '100', '0', '1', '4', '1', '9');
UPDATE `item_loot_template` SET `Chance`='100' WHERE `Entry`='700526' and`Item`='38186';
UPDATE `item_loot_template` SET `Chance`='100' WHERE `Entry`='700526' and`Item`='7147';
UPDATE `item_loot_template` SET `Chance`='100' WHERE `Entry`='700526' and`Item`='200000';

UPDATE `gameobject_loot_template` SET `Chance`='20' WHERE `Entry`='500115' and`Item`='700528';
UPDATE `gameobject_loot_template` SET `Chance`='20' WHERE `Entry`='500115' and`Item`='700529';
UPDATE `gameobject_loot_template` SET `Chance`='20' WHERE `Entry`='500115' and`Item`='700530';
UPDATE `gameobject_loot_template` SET `Chance`='20' WHERE `Entry`='500115' and`Item`='700531';

INSERT INTO `item_loot_template` (`Entry`, `Item`, `Reference`, `Chance`, `QuestRequired`, `LootMode`, `GroupId`, `MinCount`, `MaxCount`) VALUES ('700526', '33788', '0', '100', '0', '1', '0', '1', '50');
INSERT INTO `item_loot_template` (`Entry`, `Item`, `Reference`, `Chance`, `QuestRequired`, `LootMode`, `GroupId`, `MinCount`, `MaxCount`) VALUES ('700527', '33788', '0', '10', '0', '1', '0', '1', '3');
INSERT INTO `item_loot_template` (`Entry`, `Item`, `Reference`, `Chance`, `QuestRequired`, `LootMode`, `GroupId`, `MinCount`, `MaxCount`) VALUES ('700528', '33788', '0', '10', '0', '1', '0', '1', '2');
INSERT INTO `item_loot_template` (`Entry`, `Item`, `Reference`, `Chance`, `QuestRequired`, `LootMode`, `GroupId`, `MinCount`, `MaxCount`) VALUES ('700529', '33788', '0', '10', '0', '1', '0', '1', '1');
INSERT INTO `item_loot_template` (`Entry`, `Item`, `Reference`, `Chance`, `QuestRequired`, `LootMode`, `GroupId`, `MinCount`, `MaxCount`) VALUES ('700530', '33788', '0', '10', '0', '1', '0', '1', '1');
INSERT INTO `item_loot_template` (`Entry`, `Item`, `Reference`, `Chance`, `QuestRequired`, `LootMode`, `GroupId`, `MinCount`, `MaxCount`) VALUES ('700531', '33788', '0', '10', '0', '1', '0', '1', '1');

INSERT INTO `gameobject_loot_template` (`Entry`, `Item`, `Reference`, `Chance`, `QuestRequired`, `LootMode`, `GroupId`, `MinCount`, `MaxCount`) VALUES ('500115', '33788', '0', '5', '0', '1', '0', '1', '1');
